the;die;English;1;0;A1;Article
the one;der;English;1;0;A1;Pronoun
that;der;English;1;0;A1;Pronoun
those;der;English;1;0;A1;Pronoun
who;der;English;1;0;A1;Pronoun
and;und;English;1;0;A1;Conjunction
in;in;English;1;0;A1;Preposition
(past tense);sein (Vergangenheitsform);English;1;0;A1;Auxiliary Verb
to be;sein;English;1;0;A1;Verb
a;ein;English;1;0;A1;Article
an;ein;English;1;0;A1;Article
one of;einer;English;1;0;A1;Pronoun
to have;haben;English;1;0;A1;Verb
she;sie;English;1;0;A1;Pronoun
her;sie;English;1;0;A1;Pronoun
they;sie;English;1;0;A1;Pronoun
them;sie;English;1;0;A1;Pronoun
you;Sie;English;1;0;A1;Pronoun
(future tense);werden (Futur);English;1;0;A1;Auxiliary Verb
(passive voice);werden (Passivform);English;1;0;A1;Auxiliary Verb
to become;werden;English;1;0;A1;Verb
to get;werden;English;1;0;A1;Verb
from;von;English;1;0;A1;Preposition
of;von;English;1;0;A1;Preposition
I;ich;English;1;0;A1;Pronoun
not;nicht;English;1;0;A1;Particle
it;es;English;1;0;A1;Pronoun
with;mit;English;1;0;A1;Preposition
-self;sich;English;1;0;A1;Pronoun
he;er;English;1;0;A1;Pronoun
on;auf;English;1;0;A1;Preposition
at;auf;English;1;0;A1;Preposition
to;auf;English;1;0;A1;Preposition
for;für;English;1;0;A1;Preposition
also;auch;English;1;0;A1;Adverb
too;auch;English;1;0;A1;Adverb
when;als;English;1;0;A1;Conjunction
as;als;English;1;0;A1;Conjunction
than;als;English;1;0;A1;Particle
can;können;English;1;0;A1;Verb
to be able to;können;English;1;0;A1;Verb
this;dies;English;1;0;A1;Pronoun
how;wie;English;1;0;A1;Pronoun
we;wir;English;1;0;A1;Pronoun
their;ihr;English;1;0;A1;Pronoun
hers;ihr;English;1;0;A1;Pronoun
theirs;ihr;English;1;0;A2;Pronoun
your;Ihr;English;1;0;A1;Pronoun
the way;so;English;1;0;A1;Adverb
thus;so;English;1;0;B1;Adverb
such;so;English;1;0;A2;Adverb
so;so;English;1;0;A1;Particle
by;bei;English;1;0;A1;Preposition
his;sein;English;1;0;A1;Pronoun
its;sein;English;1;0;A1;Pronoun
but;aber;English;1;0;A1;Conjunction
one;man;English;1;0;A1;Pronoun
yet;noch;English;1;0;A1;Adverb
still;noch;English;1;0;A1;Adverb
after;nach;English;1;0;A1;Preposition
toward;nach;English;1;0;A2;Preposition
or;oder;English;1;0;A1;Conjunction
all;all;English;1;0;A1;Pronoun
out;aus;English;1;0;A1;Preposition
out of;aus;English;1;0;A2;Preposition
what;was;English;1;0;A1;Pronoun
only;nur;English;1;0;A1;Adverb
to tell;sagen;English;1;0;A1;Verb
to say;sagen;English;1;0;A1;Verb
then;dann;English;1;0;A1;Adverb
if;wenn;English;1;0;A1;Conjunction
must;müssen;English;1;0;A1;Verb
to have to;müssen;English;1;0;A1;Verb
in order to;um;English;1;0;A1;Conjunction
around;um;English;1;0;A1;Preposition
about;um;English;1;0;A1;Preposition
yes;ja;English;1;0;A1;Particle
of course;ja;English;1;0;A1;Particle
no (one);keine;English;1;0;A1;Pronoun
over;über;English;1;0;A1;Preposition
above;über;English;1;0;A1;Preposition
there;da;English;1;0;A1;Adverb
because;da;English;1;0;A1;Conjunction
to give;geben;English;1;0;A1;Verb
in front of;vor;English;1;0;A1;Preposition
before;vor;English;1;0;A1;Preposition
ago;vor;English;1;0;A1;Preposition
my;mein;English;1;0;A1;Pronoun
mine;mein;English;1;0;A1;Pronoun
more;mehr;English;1;0;A1;Adverb
year;Jahr;English;1;0;A1;Noun
through;durch;English;1;0;A1;Preposition
much;viel;English;1;0;A1;Pronoun
a lot;viel;English;1;0;A1;Pronoun
many;viel;English;1;0;A1;Pronoun
to want to;wollen;English;1;0;A1;Verb
to make;machen;English;1;0;A1;Verb
to do;machen;English;1;0;A1;Verb
other;andere;English;1;0;A1;Pronoun
should;sollen;English;1;0;A1;Verb
ought to;sollen;English;1;0;B1;Verb
already;schon;English;1;0;A1;Adverb
to come;kommen;English;1;0;A1;Verb
me;mir;English;1;0;A1;Pronoun
always;immer;English;1;0;A1;Adverb
to go;gehen;English;1;0;A1;Verb
large;groß;English;1;0;A1;Adjective
big;groß;English;1;0;A1;Adjective
great;groß;English;1;0;A1;Adjective
Someone the Great (e.g., Alexander the Great);Jemand der Große (z.B., Alexander der Große);English;1;0;A1;Adjective
here;hier;English;1;0;A1;Adverb
whole;ganz;English;1;0;A2;Adjective
all the;ganz;English;1;0;A1;Adjective
quite;ganz;English;1;0;A2;Particle
two;zwei;English;1;0;A1;Number
now;jetzt;English;1;0;A1;Adverb
however;doch;English;1;0;A2;Adverb
again;wieder;English;1;0;A1;Adverb
us;uns;English;1;0;A1;Pronoun
good;gut;English;1;0;A1;Adjective
until;bis;English;1;0;A1;Conjunction
till;bis;English;1;0;A2;Preposition
to know;wissen;English;1;0;A1;Verb
to see;sehen;English;1;0;A1;Verb
(some)one;einer;English;1;0;A1;Pronoun
very;sehr;English;1;0;A1;Adverb
times;mal;English;1;0;B2;Conjunction
time;Mal;English;1;0;A1;Noun
mark;Mal;English;1;0;A2;Noun
to let;lassen;English;1;0;A1;Verb
to allow;lassen;English;1;0;A1;Verb
to have something done;lassen;English;1;0;A1;Verb
new;neu;English;1;0;A1;Adjective
to stand;stehen;English;1;0;A1;Verb
our;unser;English;1;0;A1;Pronoun
every;jede;English;1;0;A1;Pronoun
under;unter;English;1;0;A1;Preposition
human being;Mensch;English;1;0;A1;Noun
him;ihm;English;1;0;A1;Pronoun
anyway;denn;English;1;0;A2;Particle
example;Beispiel;English;1;0;A1;Noun
first;erste;English;1;0;A1;Adjective
long;lang;English;1;0;A1;Adjective
for a long time;lang;English;1;0;A1;Adverb
to live;leben;English;1;0;A1;Verb
woman;Frau;English;1;0;A1;Noun
wife;Frau;English;1;0;A1;Noun
Mrs.;Frau;English;1;0;A1;Noun
something;etwas;English;1;0;A1;Pronoun
some;etwas;English;1;0;A1;Pronoun
a little;etwas;English;1;0;A1;Pronoun
even;selbst;English;1;0;A2;Particle
few;wenig;English;1;0;A2;Adjective
little;wenige;English;1;0;A1;Pronoun
to find;finden;English;1;0;A1;Verb
against;gegen;English;1;0;A2;Preposition
between;zwischen;English;1;0;A1;Preposition
three;drei;English;1;0;A1;Number
to lie;liegen;English;1;0;A1;Verb
where;wo;English;1;0;A1;Pronoun
nothing;nichts;English;1;0;A1;Pronoun
small;klein;English;1;0;A1;Adjective
day;Tag;English;1;0;A1;Noun
German;deutsch;English;1;0;A1;Adjective
to stay;bleiben;English;1;0;A1;Verb
to remain;bleiben;English;1;0;A1;Verb
but (on the contrary);sondern;English;1;0;A1;Conjunction
today;heute;English;1;0;A1;Adverb
both;beide;English;1;0;A1;Pronoun
tall;hoch;English;1;0;A1;Adjective
high;hoch;English;1;0;A1;Adjective
with it;damit;English;1;0;A1;Pronoun
without;ohne;English;1;0;A2;Conjunction
man;Mann;English;1;0;A1;Noun
which;welche;English;1;0;A1;Pronoun
once;einmal;English;1;0;A1;Adverb
to be called;heißen;English;1;0;A1;Verb
whether;ob;English;1;0;B1;Conjunction
to think;denken;English;1;0;A1;Verb
with (somebody);dabei;English;1;0;A1;Pronoun
since;seit;English;1;0;A2;Preposition
simple;einfach;English;1;0;A2;Adjective
easy;einfach;English;1;0;A1;Adjective
simply;einfach;English;1;0;A2;Particle
not until;erst;English;1;0;A1;Adverb
child;Kind;English;1;0;A1;Noun
country;Land;English;1;0;A2;Noun
land;Land;English;1;0;A2;Noun
state;Land;English;1;0;A2;Noun
to place;stellen;English;1;0;A1;Verb
to set;stellen;English;1;0;A1;Verb
to put;stellen;English;1;0;A1;Verb
to show;zeigen;English;1;0;A1;Verb
natural;natürlich;English;1;0;A2;Adjective
naturally;natürlich;English;1;0;B1;Adverb
old;alt;English;1;0;A1;Adjective
over there;dort drüben;English;1;0;A1;Adverb
Germany;Deutschland;English;1;0;A1;Noun
same;gleich;English;1;0;A1;Adjective
right away;gleich;English;1;0;A1;Adjective
just;gleich;English;1;0;A1;Adjective
to take;nehmen;English;1;0;A1;Verb
to be allowed to;dürfen;English;1;0;A1;Verb
important;wichtig;English;1;0;A1;Adjective
perhaps;vielleicht;English;1;0;A2;Adverb
maybe;vielleicht;English;1;0;A1;Adverb
to hear;hören;English;1;0;A1;Verb
to listen (to);hören;English;1;0;A1;Verb
house;Haus;English;1;0;A1;Noun
no;nein;English;1;0;A1;Particle
whoever;wer;English;1;0;B1;Pronoun
in addition;dazu;English;1;0;A1;Pronoun
to that;dazu;English;1;0;A1;Pronoun
for that;dazu;English;1;0;A1;Pronoun
of that;dazu;English;1;0;A1;Pronoun
furthermore;dazu;English;1;0;B1;Pronoun
actual;eigentlich;English;1;0;B2;Adjective
real;eigentlich;English;1;0;A1;Adjective
actually;eigentlich;English;1;0;A2;Adverb
last;letzte;English;1;0;A2;Adjective
to ask;fragen;English;1;0;A1;Verb
Mr.;Herr;English;1;0;A1;Noun
to hold;halten;English;1;0;A1;Verb
to stop;halten;English;1;0;A1;Verb
to believe;glauben;English;1;0;A1;Verb
question;Frage;English;1;0;A1;Noun
to be valid;gelten;English;1;0;A1;Verb
straight;gerade;English;1;0;A1;Adjective
just now;gerade;English;1;0;A1;Adverb
right now;gerade;English;1;0;A1;Adverb
to follow;folgen;English;1;0;A1;Verb
to speak;sprechen;English;1;0;A1;Verb
to lead;führen;English;1;0;A1;Verb
to bring;bringen;English;1;0;A1;Verb
world;Welt;English;1;0;A1;Noun
at all;gar;English;1;0;A1;Adverb
own;eigen;English;1;0;A1;Adjective
exact;genau;English;1;0;B1;Adjective
to like;mögen;English;1;0;A1;Verb
late;spät;English;1;0;A1;Adverb
possible;möglich;English;1;0;A2;Adjective
as ... as possible;so ... wie möglich;English;1;0;A1;Adverb
if possible;so ... wie möglich;English;1;0;A1;Adverb
percent;Prozent;English;1;0;B1;Noun
while;während;English;1;0;A2;Conjunction
whereas;während;English;1;0;B2;Conjunction
during;während;English;1;0;A2;Preposition
a few;einige;English;1;0;A1;Pronoun
for it;dafür;English;1;0;A1;Pronoun
short;kurz;English;1;0;A1;Adjective
correct;richtig;English;1;0;A1;Adjective
right;richtig;English;1;0;A1;Adjective
strong;stark;English;1;0;A1;Adjective
to need;brauchen;English;1;0;A1;Verb
hand;Hand;English;1;0;A1;Noun
approximately;etwa;English;1;0;B1;Adverb
(expressing surprise);etwa;English;1;0;A1;Particle
further;weitere;English;1;0;A2;Adjective
additional;weitere;English;1;0;A2;Adjective
end;Ende;English;1;0;A1;Noun
to write;schreiben;English;1;0;A1;Verb
never;nie;English;1;0;A1;Adverb
case;Fall;English;1;0;A1;Noun
fall;Fall;English;1;0;A2;Noun
beautiful;schön;English;1;0;A1;Adjective
pleasant;schön;English;1;0;A2;Adjective
nice;schön;English;1;0;A1;Adjective
really;wirklich;English;1;0;A1;Adverb
whom;denen (pl, Dativ);English;1;0;A2;Pronoun
to name;nennen;English;1;0;A1;Verb
to call;nennen;English;1;0;A1;Verb
why;warum;English;1;0;A1;Adverb
to move;ziehen;English;1;0;A1;Verb
to pull;ziehen;English;1;0;A1;Verb
word;Wort;English;1;0;A1;Noun
on it;darauf;English;1;0;A1;Pronoun
to it;darauf;English;1;0;A1;Pronoun
exactly;eben;English;1;0;A2;Particle
side;Seite;English;1;0;A1;Noun
page;Seite;English;1;0;A1;Noun
part;Teil;English;1;0;A2;Noun
young;jung;English;1;0;A1;Adjective
four;vier;English;1;0;A1;Number
better;besser;English;1;0;A1;Adjective
almost;fast;English;1;0;A1;Adverb
quick;schnell;English;1;0;A2;Adjective
fast;schnell;English;1;0;A1;Adjective
city;Stadt;English;1;0;A1;Noun
town;Stadt;English;1;0;A1;Noun
to play;spielen;English;1;0;A1;Verb
admittedly;zwar;English;1;0;B2;Adverb
although;zwar ..., aber;English;1;0;A2;Adverb
namely;und zwar;English;1;0;A1;Adverb
euro (unit of currency);Euro;English;1;0;A1;Noun
work;Arbeit;English;1;0;A1;Noun
million;Million (Mio.);English;1;0;A2;Noun
problem;Problem;English;1;0;A1;Noun
to understand;verstehen;English;1;0;A1;Verb
to receive;bekommen;English;1;0;A1;Verb
to have an opinion;meinen;English;1;0;A1;Verb
about it;davon;English;1;0;A1;Pronoun
from it;davon;English;1;0;A1;Pronoun
thereof;davon;English;1;0;A1;Pronoun
to drive;fahren;English;1;0;A1;Verb
to ride;fahren;English;1;0;A1;Verb
yourself;dich;English;1;0;A1;Pronoun
mother;Mutter;English;1;0;A1;Noun
week;Woche;English;1;0;A1;Noun
path;Weg;English;1;0;A2;Noun
way;Weg;English;1;0;A1;Noun
eye;Auge;English;1;0;A1;Noun
often;oft;English;1;0;A1;Adverb
people;Leute (pl);English;1;0;A1;Noun
though;allerdings;English;1;0;A2;Adverb
indeed;allerdings;English;1;0;A2;Adverb
certainly;allerdings;English;1;0;A2;Adverb
in fact;sogar;English;1;0;A1;Adverb
to sit down;setzen;English;1;0;A1;Verb
therefore;deshalb;English;1;0;A2;Adverb
far;weit;English;1;0;A2;Adverb
widely;weit;English;1;0;A2;Adverb
to sit;sitzen;English;1;0;A1;Verb
father;Vater;English;1;0;A1;Noun
to work;arbeiten;English;1;0;A1;Verb
money;Geld;English;1;0;A1;Noun
company;Unternehmen;English;1;0;A2;Noun
enterprise;Unternehmen;English;1;0;B2;Noun
next;nächste;English;1;0;A2;Adjective
to explain;erklären;English;1;0;A1;Verb
clear;klar;English;1;0;A2;Adjective
doctor;Doktor;English;1;0;A1;Noun
couple;Paar;English;1;0;A2;Noun
pair;Paar;English;1;0;A1;Noun
to be fine (with);recht;English;1;0;A1;Adjective
(all) right;recht;English;1;0;A1;Adjective
be fine (with);recht;English;1;0;A1;Adjective
law;Recht;English;1;0;A2;Noun
rather;recht;English;1;0;A2;Particle
because of;wegen;English;1;0;B1;Preposition
water;Wasser;English;1;0;A1;Noun
to pass (an exam);bestehen;English;1;0;A1;Verb
to exist;bestehen;English;1;0;A1;Verb
to insist;bestehen;English;1;0;A1;Verb
to try;versuchen;English;1;0;A1;Verb
to attempt;versuchen;English;1;0;A1;Verb
point;Punkt;English;1;0;A1;Noun
period;Punkt;English;1;0;A1;Noun
dot;Punkt;English;1;0;B1;Noun
reason;Grund;English;1;0;A1;Noun
basis;Grund;English;1;0;B1;Noun
head;Kopf;English;1;0;A1;Noun
to begin;beginnen;English;1;0;A1;Verb
to run;laufen;English;1;0;A1;Verb
picture;Bild;English;1;0;A1;Noun
different;verschieden;English;1;0;A1;Adjective
diverse;verschieden;English;1;0;B1;Adjective
name;Name;English;1;0;A1;Noun
task;Aufgabe;English;1;0;A2;Noun
assignment;Aufgabe;English;1;0;B1;Noun
job;Aufgabe;English;1;0;A1;Noun
heavy;schwer;English;1;0;A1;Adjective
difficult;schwer;English;1;0;A1;Adjective
to correspond;entsprechen;English;1;0;A1;Verb
to meet;treffen;English;1;0;A1;Verb
kind;Art;English;1;0;A1;Noun
type;Art;English;1;0;A1;Noun
well;wohl;English;1;0;A1;Adverb
probably;wohl;English;1;0;A2;Particle
story;Geschichte;English;1;0;A1;Noun
history;Geschichte;English;1;0;A1;Noun
to arise;entstehen;English;1;0;A1;Verb
to originate;entstehen;English;1;0;A1;Verb
to develop;entstehen;English;1;0;A1;Verb
secure;sicher;English;1;0;B1;Adjective
safe;sicher;English;1;0;A2;Adjective
certain;sicher;English;1;0;A2;Adjective
next to;neben;English;1;0;A2;Preposition
beside;neben;English;1;0;A1;Preposition
alone;allein;English;1;0;A1;Adverb
illustration;Abbildung (Abb.);English;1;0;B2;Noun
behind;hinter;English;1;0;A1;Preposition
in back of;hinter;English;1;0;A1;Preposition
particularly;besonders;English;1;0;B1;Adverb
to carry;tragen;English;1;0;A1;Verb
to wear;tragen;English;1;0;A1;Verb
hardly;kaum;English;1;0;A2;Adverb
friend;Freund;English;1;0;A1;Noun
five;fünf;English;1;0;A1;Number
to shine;scheinen;English;1;0;A1;Verb
to seem;scheinen;English;1;0;A1;Verb
to appear;scheinen;English;1;0;A1;Verb
hour;Stunde;English;1;0;A1;Noun
to look;aussehen;English;1;0;A1;Verb
(with a verb) love to;gern;English;1;0;A1;Adverb
special;bestimmt;English;1;0;A1;Adjective
as well as;sowie;English;1;0;A1;Conjunction
as soon as;sowie;English;1;0;A1;Conjunction
plus;sowie;English;1;0;A2;Conjunction
professor;Professor;English;1;0;B1;Noun
above it;darüber;English;1;0;A1;Pronoun
whose;deren;English;1;0;A1;Pronoun
to manage;schaffen;English;1;0;A1;Verb
to create;schaffen;English;1;0;A1;Verb
back then;damals;English;1;0;A1;Pronoun
to learn;lernen;English;1;0;A1;Verb
free;frei;English;1;0;A1;Adjective
worth;wert;English;1;0;B1;Adjective
value;Wert;English;1;0;A2;Noun
or rather;beziehungsweise (bzw.);English;1;0;A1;Conjunction
respectively;beziehungsweise (bzw.);English;1;0;A1;Conjunction
to search;suchen;English;1;0;A1;Verb
to look for;suchen;English;1;0;A1;Verb
Europe;Europa;English;1;0;A1;Noun
common;gemeinsam;English;1;0;A2;Adjective
round;rund;English;1;0;A2;Adjective
number;Zahl;English;1;0;A1;Noun
topic;Thema;English;1;0;A1;Noun
subject;Thema;English;1;0;A1;Noun
theme;Thema;English;1;0;B2;Noun
to deal;handeln;English;1;0;A1;Verb
trade;handeln;English;1;0;A2;Verb
book;Buch;English;1;0;A1;Noun
differently;anders;English;1;0;A2;Adverb
political;politisch;English;1;0;A2;Adjective
to read;lesen;English;1;0;A1;Verb
view;Blick;English;1;0;A2;Noun
look;Blick;English;1;0;A1;Noun
glance;Blick;English;1;0;B1;Noun
shape;Form;English;1;0;A2;Noun
form;Form;English;1;0;A1;Noun
single;einzeln;English;1;0;A2;Adjective
separately;einzeln;English;1;0;B2;Adjective
individual;einzeln;English;1;0;B1;Adjective
to achieve;erreichen;English;1;0;A1;Verb
to reach;erreichen;English;1;0;A1;Verb
to pass (time);vergehen;English;1;0;A1;Verb
light;leicht;English;1;0;A1;Adjective
each;je;English;1;0;A1;Adverb
ever;je;English;1;0;A2;Adverb
the more ..., the;je ..., desto;English;1;0;A1;Conjunction
to lose;verlieren;English;1;0;A1;Verb
best;beste;English;1;0;A1;Adjective
to form;bilden;English;1;0;A1;Verb
to educate;bilden;English;1;0;A1;Verb
month;Monat;English;1;0;A1;Noun
solution;Lösung;English;1;0;A2;Noun
thing;Sache;English;1;0;A1;Noun
famous;bekannt;English;1;0;A1;Adjective
well-known;bekannt;English;1;0;A2;Adjective
goal;Ziel;English;1;0;A1;Noun
destination;Ziel;English;1;0;B1;Noun
to climb;steigen;English;1;0;A1;Verb
to increase;steigen;English;1;0;A1;Verb
sooner;eher;English;1;0;A1;Adverb
earlier;eher;English;1;0;A1;Adverb
more likely;eher;English;1;0;A1;Adverb
to eat;essen;English;1;0;A1;Verb
minute;Minute;English;1;0;A1;Noun
at night;nachts;English;1;0;A1;Adverb
nights;nachts;English;1;0;A1;Adverb
night;Nacht;English;1;0;A1;Noun
place;Platz;English;1;0;A1;Noun
square;Platz;English;1;0;A2;Noun
room;Platz;English;1;0;A1;Noun
bad;schlecht;English;1;0;A1;Adjective
game;Spiel;English;1;0;A1;Noun
match;Spiel;English;1;0;A1;Noun
family;Familie;English;1;0;A1;Noun
someone;jemand;English;1;0;A1;Pronoun
somebody;jemand;English;1;0;A2;Pronoun
to fall;fallen;English;1;0;A1;Verb
ten;zehn;English;1;0;A1;Number
price;Preis;English;1;0;A1;Noun
prize;Preis;English;1;0;B1;Noun
European;europäisch;English;1;0;A1;Adjective
otherwise;sonst;English;1;0;B1;Adverb
to help;helfen;English;1;0;A1;Verb
area;Bereich;English;1;0;A2;Noun
region;Bereich;English;1;0;B1;Noun
location;Ort;English;1;0;B1;Noun
in the evening;abends;English;1;0;A1;Adverb
evening;Abend;English;1;0;A1;Noun
face;Gesicht;English;1;0;A1;Noun
development;Entwicklung;English;1;0;B1;Noun
clock;Uhr;English;1;0;A1;Noun
watch;Uhr;English;1;0;A1;Noun
o’clock;Uhr;English;1;0;A1;Noun
several;mehrere;English;1;0;A2;Pronoun
multiple;mehrere;English;1;0;B2;Pronoun
various;mehrere;English;1;0;B1;Pronoun
to close;schließen;English;1;0;A1;Verb
eventually;schließlich;English;1;0;B1;Adverb
finally;schließlich;English;1;0;A2;Adverb
to lay;legen;English;1;0;A1;Verb
direct;direkt;English;1;0;A2;Adjective
from there;daher;English;1;0;A1;Pronoun
hence;daher;English;1;0;A1;Pronoun
open;offen;English;1;0;A1;Adjective
to recognize;erkennen;English;1;0;A1;Verb
to admit;erkennen;English;1;0;A1;Verb
person;Person;English;1;0;A1;Noun
moment;Moment;English;1;0;A1;Noun
school;Schule;English;1;0;A1;Noun
in it;darin;English;1;0;A1;Pronoun
in there;darin;English;1;0;A1;Pronoun
inside;darin;English;1;0;A1;Pronoun
car;Auto;English;1;0;A1;Noun
automobile;Auto;English;1;0;A1;Noun
nobody;niemand;English;1;0;A2;Pronoun
no one;niemand;English;1;0;A2;Pronoun
society;Gesellschaft;English;1;0;A2;Noun
to wait;warten;English;1;0;A1;Verb
to introduce;vorstellen;English;1;0;A1;Verb
to imagine;vorstellen;English;1;0;A1;Verb
early;früh;English;1;0;A1;Adjective
to step;treten;English;1;0;A1;Verb
to talk;reden;English;1;0;A1;Verb
group;Gruppe;English;1;0;A1;Noun
to win;gewinnen;English;1;0;A1;Verb
to gain;gewinnen;English;1;0;A1;Verb
at first;zunächst;English;1;0;A1;Adverb
for now;zunächst;English;1;0;A1;Adverb
so that;damit;English;1;0;A1;Conjunction
door;Tür;English;1;0;A1;Noun
step;Schritt;English;1;0;A1;Noun
most;meiste;English;1;0;A1;Adjective
possibility;Möglichkeit;English;1;0;B1;Noun
chance;Möglichkeit;English;1;0;A2;Noun
meaning;Sinn;English;1;0;A2;Noun
sense;Sinn;English;1;0;A2;Noun
to happen;passieren;English;1;0;A1;Verb
to take place;passieren;English;1;0;A1;Verb
sometimes;manchmal;English;1;0;B1;Adverb
comparison;Vergleich;English;1;0;B1;Noun
system;System;English;1;0;A2;Noun
role;Rolle;English;1;0;A1;Noun
roll;Rolle;English;1;0;A2;Noun
result;Ergebnis;English;1;0;A1;Noun
to compare;vergleichen;English;1;0;A1;Verb
full;voll;English;1;0;A1;Adjective
to expect;erwarten;English;1;0;A1;Verb
street;Straße;English;1;0;A1;Noun
fear;Angst;English;1;0;A2;Noun
general;allgemein;English;1;0;B1;Adjective
to feel;fühlen;English;1;0;A1;Verb
to remind;erinnern;English;1;0;A1;Verb
oh;oh;English;1;0;A1;Particle
aw;oh;English;1;0;A1;Particle
to mean;bedeuten;English;1;0;A1;Verb
voice;Stimme;English;1;0;A2;Noun
vote;Stimme;English;1;0;A1;Noun
reaction;Reaktion;English;1;0;B2;Noun
to take effect;wirken;English;1;0;A1;Verb
to have an effect;wirken;English;1;0;A1;Verb
to present;darstellen;English;1;0;A1;Verb
to depict;darstellen;English;1;0;A1;Verb
to portray;darstellen;English;1;0;A1;Verb
space;Raum;English;1;0;A2;Noun
parents;Eltern (pl);English;1;0;A1;Noun
to describe;bezeichnen;English;1;0;A1;Verb
to refer to;bezeichnen;English;1;0;A1;Verb
to consider;bezeichnen;English;1;0;A1;Verb
function;Funktion;English;1;0;A2;Noun
frequent;häufig;English;1;0;B1;Adjective
USA;USA (Vereinigte Staaten von Amerika);English;1;0;A1;Noun
United States of America;USA (Vereinigte Staaten von Amerika);English;1;0;A1;Noun
refugee;Flüchtling;English;1;0;B2;Noun
in the past;früher;English;1;0;A1;Adverb
pro;Pro;English;1;0;A2;Noun
per;pro;English;1;0;B1;Preposition
to produce;ergeben;English;1;0;A1;Verb
to result in;ergeben;English;1;0;A1;Verb
to decide;entscheiden;English;1;0;A1;Verb
university;Universität;English;1;0;A2;Noun
to concern;betreffen;English;1;0;A1;Verb
to affect;betreffen;English;1;0;A1;Verb
up there;oben;English;1;0;A1;Adverb
direction;Richtung;English;1;0;A2;Noun
to determine;bestimmen;English;1;0;A1;Verb
to be missing;fehlen;English;1;0;A1;Verb
to lack;fehlen;English;1;0;A1;Verb
to be absent;fehlen;English;1;0;A1;Verb
language;Sprache;English;1;0;A1;Noun
product;Produkt;English;1;0;A2;Noun
situation;Situation;English;1;0;A2;Noun
besides;außerdem;English;1;0;A2;Adverb
you see;nämlich;English;1;0;A1;Particle
international;international;English;1;0;A2;Adjective
beginning;Anfang;English;1;0;A2;Noun
six;sechs;English;1;0;A1;Number
to use;nutzen;English;1;0;A1;Verb
social;sozial;English;1;0;A1;Adjective
consequences;Folge;English;1;0;A1;Noun
sentence;Satz;English;1;0;A1;Noun
many a;manche;English;1;0;A1;Pronoun
connection;Verbindung;English;1;0;B1;Noun
link;Verbindung;English;1;0;B1;Noun
similar;ähnlich;English;1;0;A2;Adjective
rule;Regel;English;1;0;A1;Noun
opposite;gegenüber;English;1;0;A2;Preposition
colleague;Kollege;English;1;0;B2;Noun
until now;bisher;English;1;0;A1;Adverb
up to now;bisher;English;1;0;A1;Adverb
deep;tief;English;1;0;A2;Adjective
half;halb;English;1;0;A1;Adjective
to laugh;lachen;English;1;0;A1;Verb
likewise;ebenfalls;English;1;0;B2;Adverb
as well;ebenfalls;English;1;0;A1;Adverb
immediately;sofort;English;1;0;B1;Adverb
border;Grenze;English;1;0;B1;Noun
frontier;Grenze;English;1;0;B2;Noun
to change;ändern;English;1;0;A1;Verb
decision;Entscheidung;English;1;0;B1;Noun
to leave;verlassen;English;1;0;A1;Verb
idea;Idee;English;1;0;A1;Noun
to connect;verbinden;English;1;0;A1;Verb
to unite;verbinden;English;1;0;A1;Verb
to link;verbinden;English;1;0;A1;Verb
billion;Milliarde (Mrd.);English;1;0;B2;Noun
at last;endlich;English;1;0;A1;Adverb
energy;Energie;English;1;0;B2;Noun
suddenly;plötzlich;English;1;0;B1;Adverb
afterwards;danach;English;1;0;B1;Pronoun
after it;danach;English;1;0;A1;Pronoun
strength;Kraft;English;1;0;A2;Noun
power;Kraft;English;1;0;A2;Noun
to belong;gehören;English;1;0;A1;Verb
to insert;einsetzen;English;1;0;A1;Verb
to put in;einsetzen;English;1;0;A1;Verb
feeling;Gefühl;English;1;0;A1;Noun
nevertheless;trotzdem;English;1;0;B1;Adverb
information;Information;English;1;0;A1;Noun
as a result;dadurch;English;1;0;A1;Pronoun
through it;dadurch;English;1;0;A1;Pronoun
as a consequence;dadurch;English;1;0;A1;Pronoun
against it;dagegen;English;1;0;A1;Pronoun
on the other hand;dagegen;English;1;0;A1;Pronoun
manner;Weise;English;1;0;A2;Noun
future;Zukunft;English;1;0;A1;Noun
to grow;wachsen;English;1;0;A1;Verb
please;bitte;English;1;0;A1;Adverb
white;weiß;English;1;0;A1;Adjective
text;Text;English;1;0;A2;Noun
black;schwarz;English;1;0;A1;Adjective
to die;sterben;English;1;0;A1;Verb
market;Markt;English;1;0;A2;Noun
red;rot;English;1;0;A1;Adjective
meter;Meter (m);English;1;0;A2;Noun
near(by);nah;English;1;0;A1;Adjective
close;nah;English;1;0;A1;Adjective
close to;nahe;English;1;0;A1;Preposition
near;nahe;English;1;0;A1;Preposition
help;Hilfe;English;1;0;A1;Noun
chapter;Kapitel;English;1;0;A2;Noun
to go out;ausgehen;English;1;0;A1;Verb
to assume;ausgehen;English;1;0;A1;Verb
significance;Bedeutung;English;1;0;B1;Noun
to look at;betrachten;English;1;0;A1;Verb
chemistry;Chemie;English;1;0;B1;Noun
air;Luft;English;1;0;A2;Noun
body;Körper;English;1;0;A1;Noun
structure;Struktur;English;1;0;A2;Noun
to be correct;stimmen;English;1;0;A1;Verb
to tune;stimmen;English;1;0;A1;Verb
to vote;stimmen;English;1;0;A1;Verb
to request;bitten;English;1;0;A1;Verb
century;Jahrhundert;English;1;0;A2;Noun
probable;wahrscheinlich;English;1;0;B2;Adjective
likely;wahrscheinlich;English;1;0;A2;Adjective
public;öffentlich;English;1;0;A2;Adjective
yourselves;euch;English;1;0;A1;Pronoun
in all;insgesamt;English;1;0;A1;Adverb
altogether;insgesamt;English;1;0;B1;Adverb
in total;insgesamt;English;1;0;A1;Adverb
to start;anfangen;English;1;0;A1;Verb
enough;genug;English;1;0;A2;Adverb
apartment;Wohnung;English;1;0;A2;Noun
flat;Wohnung;English;1;0;A1;Noun
to succeed;gelingen;English;1;0;A1;Verb
soon;bald;English;1;0;A1;Adverb
low;gering;English;1;0;A2;Adjective
minor;gering;English;1;0;B1;Adjective
movie;Film;English;1;0;A1;Noun
film;Film;English;1;0;A2;Noun
to buy;kaufen;English;1;0;A1;Verb
to watch;ansehen;English;1;0;A1;Verb
to open;öffnen;English;1;0;A1;Verb
music;Musik;English;1;0;A1;Noun
piece;Stück;English;1;0;A1;Noun
dead;tot;English;1;0;A2;Adjective
God;Gott;English;1;0;B2;Noun
completely;völlig;English;1;0;B1;Adjective
absolutely;völlig;English;1;0;B1;Adjective
positive;positiv;English;1;0;B1;Adjective
conversation;Gespräch;English;1;0;A1;Noun
that’s why;darum;English;1;0;A1;Pronoun
around it;darum;English;1;0;A1;Pronoun
customer;Kunde;English;1;0;A2;Noun
client;Kunde;English;1;0;B2;Noun
amount;Menge;English;1;0;B1;Noun
quantity;Menge;English;1;0;B1;Noun
government;Regierung;English;1;0;A2;Noun
answer;Antwort;English;1;0;A1;Noun
reply;Antwort;English;1;0;A2;Noun
to accept;annehmen;English;1;0;A1;Verb
wrong;falsch;English;1;0;A1;Adjective
false;falsch;English;1;0;A1;Adjective
context;Zusammenhang;English;1;0;A2;Noun
slow;langsam;English;1;0;A1;Adjective
arm;Arm;English;1;0;A1;Noun
table;Tisch;English;1;0;A1;Noun
to offer;bieten;English;1;0;A1;Verb
heart;Herz;English;1;0;A1;Noun
together;zusammen;English;1;0;A1;Adverb
in the meantime;inzwischen;English;1;0;A1;Adverb
just as;ebenso;English;1;0;A1;Adverb
as much as;ebenso;English;1;0;A1;Adverb
ground;Boden;English;1;0;A1;Noun
floor;Boden;English;1;0;A1;Noun
bottom;Boden;English;1;0;A1;Noun
politics;Politik;English;1;0;B1;Noun
death;Tod;English;1;0;A2;Noun
success;Erfolg;English;1;0;A2;Noun
moreover;zudem;English;1;0;B1;Adverb
bank;Bank;English;1;0;A1;Noun
bench;Bank;English;1;0;A2;Noun
as of;ab;English;1;0;A1;Preposition
personal;persönlich;English;1;0;A1;Adjective
president;Präsident;English;1;0;B1;Noun
to fetch;holen;English;1;0;A1;Verb
boy;Junge;English;1;0;A1;Noun
so-called;sogenannt;English;1;0;B2;Adjective
police;Polizei;English;1;0;A2;Noun
within;innerhalb;English;1;0;A2;Preposition
art;Kunst;English;1;0;A1;Noun
student (USA);Schüler;English;1;0;A1;Noun
pupil;Schüler;English;1;0;B1;Noun
entire;gesamt;English;1;0;B1;Adjective
pressure;Druck;English;1;0;A2;Noun
printing;Druck;English;1;0;A1;Noun
to disappear;verschwinden;English;1;0;A1;Verb
to contain;enthalten;English;1;0;A1;Verb
to record;aufnehmen;English;1;0;A1;Verb
to take in;aufnehmen;English;1;0;A1;Verb
to include;aufnehmen;English;1;0;A1;Verb
costs;Kosten (pl);English;1;0;A1;Noun
expenses;Kosten (pl);English;1;0;A1;Noun
winter semester;Wintersemester;English;1;0;A1;Noun
to notice;merken;English;1;0;A1;Verb
to remember;merken;English;1;0;A1;Verb
sturdy;fest;English;1;0;A1;Adjective
stable;fest;English;1;0;B1;Adjective
firm;fest;English;1;0;B1;Adjective
firmly;fest;English;1;0;B1;Adverb
solid;fest;English;1;0;B1;Adjective
current;aktuell;English;1;0;B1;Adjective
up-to-date;aktuell;English;1;0;B1;Adjective
term;Begriff;English;1;0;B1;Noun
concept;Begriff;English;1;0;B1;Noun
to experience;erleben;English;1;0;A1;Verb
relative;relativ;English;1;0;B1;Adjective
according to;laut;English;1;0;B1;Preposition
foot;Fuß;English;1;0;B1;Noun
data;Daten (pl);English;1;0;B2;Noun
war;Krieg;English;1;0;A1;Noun
guest;Gast;English;1;0;A1;Noun
statement;Aussage;English;1;0;A2;Noun
to plan;planen;English;1;0;A1;Verb
hard;schwierig;English;1;0;A1;Adjective
tough;schwierig;English;1;0;B2;Adjective
good(s);Gut;English;1;0;A1;Noun
estate;Gut;English;1;0;B2;Noun
kilometer;Kilometer;English;1;0;A2;Noun
to forget;vergessen;English;1;0;A1;Verb
thought;Gedanke;English;1;0;A2;Noun
to own;besitzen;English;1;0;A1;Verb
(political) party;Partei;English;1;0;A1;Noun
to be happy;freuen;English;1;0;A1;Verb
to hang;hängen;English;1;0;A1;Verb
to report;berichten;English;1;0;A1;Verb
cell;Zelle;English;1;0;B1;Noun
narrow;eng;English;1;0;B1;Adjective
culture;Kultur;English;1;0;A1;Noun
trial;Prozess;English;1;0;B2;Noun
process;Prozess;English;1;0;B1;Noun
son;Sohn;English;1;0;A1;Noun
gratefulness;Dank;English;1;0;A1;Noun
in spite of;trotz;English;1;0;A1;Preposition
to demand;fordern;English;1;0;A1;Verb
to claim;fordern;English;1;0;A1;Verb
to study;studieren;English;1;0;A1;Verb
to please;gefallen;English;1;0;A1;Verb
girl;Mädchen;English;1;0;A1;Noun
behavior;Verhalten;English;1;0;A2;Noun
to behave;verhalten;English;1;0;A1;Verb
to act;verhalten;English;1;0;A1;Verb
at least;mindestens;English;1;0;A1;Adverb
fairly;ziemlich;English;1;0;A2;Adverb
pretty;ziemlich;English;1;0;A1;Adverb
interest;Interesse;English;1;0;A2;Noun
to distinguish;unterscheiden;English;1;0;A1;Verb
what ... by;wobei (Verben mit Präpositionen);English;1;0;A1;Adverb
whereby;wobei;English;1;0;A1;Adverb
at what;wobei;English;1;0;A1;Adverb
about which;wobei;English;1;0;A1;Adverb
each time;jeweils;English;1;0;A1;Adverb
to be enough;reichen;English;1;0;A1;Verb
seven;sieben;English;1;0;A1;Number
to hit;schlagen;English;1;0;A1;Verb
to beat;schlagen;English;1;0;A1;Verb
animal;Tier;English;1;0;A1;Noun
in any case;jedenfalls;English;1;0;A1;Adverb
the (superlative);am;English;1;0;A1;Particle
to raise;erhöhen;English;1;0;A1;Verb
to take care;sorgen;English;1;0;A1;Verb
to worry;sorgen;English;1;0;A1;Verb
experience;Erfahrung;English;1;0;A2;Noun
patient;Patient;English;1;0;A2;Noun
in the morning;morgens;English;1;0;A1;Adverb
morning;Morgen;English;1;0;A1;Noun
physician;Arzt;English;1;0;B2;Noun
to occur;geschehen;English;1;0;A1;Verb
Bavaria;Bayern;English;1;0;A1;Noun
to solve;lösen;English;1;0;A1;Verb
to loosen;lösen;English;1;0;A1;Verb
somehow;irgendwie;English;1;0;B1;Adverb
okay;okay;English;1;0;A1;Adjective
to wish;wünschen;English;1;0;A1;Verb
to want;wünschen;English;1;0;A1;Verb
to interest;interessieren;English;1;0;A1;Verb
difference;Unterschied;English;1;0;A1;Noun
photograph;Foto;English;1;0;A2;Noun
to drink;trinken;English;1;0;A1;Verb
the same (one);dasselbe;English;1;0;A1;Pronoun
to choose;wählen;English;1;0;A1;Verb
to elect;wählen;English;1;0;A1;Verb
simultaneously;gleichzeitig;English;1;0;B1;Adverb
at the same time;gleichzeitig;English;1;0;A1;Adverb
scarce;knapp;English;1;0;A1;Adjective
slim;knapp;English;1;0;A2;Adjective
employee;Mitarbeiter;English;1;0;B2;Noun
co-worker;Mitarbeiter;English;1;0;A1;Noun
to take over;übernehmen;English;1;0;A1;Verb
luck;Glück;English;1;0;A1;Noun
happiness;Glück;English;1;0;A2;Noun
fortune;Glück;English;1;0;A2;Noun
be lucky;Glück haben;English;1;0;A1;Noun
normal;normal;English;1;0;A2;Adjective
unfortunately;leider;English;1;0;A2;Adverb
eight;acht;English;1;0;A1;Number
performance;Leistung;English;1;0;A2;Noun
to be available;vorliegen;English;1;0;A1;Verb
relationship;Beziehung;English;1;0;B1;Noun
relation;Beziehung;English;1;0;B1;Noun
molecule;Molekül;English;1;0;B1;Noun
to arrive;ankommen;English;1;0;A1;Verb
appearance;Auftreten;English;1;0;A2;Noun
conduct;Auftreten;English;1;0;B1;Noun
occurrence;Auftreten;English;1;0;A1;Noun
especially;insbesondere;English;1;0;A2;Adverb
technical;technisch;English;1;0;B2;Adjective
going on;los;English;1;0;A1;Adverb
to get rid of;loswerden;English;1;0;A1;Adverb
be rid of;los sein;English;1;0;A1;Adverb
bed;Bett;English;1;0;A1;Noun
height;Höhe;English;1;0;B1;Noun
altitude;Höhe;English;1;0;B2;Noun
essential;wesentlich;English;1;0;B1;Adjective
fundamental;wesentlich;English;1;0;B2;Adjective
English;englisch;English;1;0;A1;Adjective
most recently;zuletzt;English;1;0;A1;Adverb
pure;rein;English;1;0;B1;Adjective
purely;rein;English;1;0;A1;Adjective
clean;rein;English;1;0;A1;Adjective
to build;bauen;English;1;0;A1;Verb
rare;selten;English;1;0;B1;Adjective
newspaper;Zeitung;English;1;0;A1;Noun
internal;innere;English;1;0;B1;Adjective
for example;beispielsweise;English;1;0;A1;Adverb
such as;beispielsweise;English;1;0;A1;Adverb
condition;Bedingung;English;1;0;A2;Noun
stipulation;Bedingung;English;1;0;A1;Noun
window;Fenster;English;1;0;A1;Noun
train;Zug;English;1;0;A1;Noun
at the moment;derzeit;English;1;0;A1;Adverb
to function;funktionieren;English;1;0;A1;Verb
both ... and;sowohl;English;1;0;A1;Conjunction
to sleep;schlafen;English;1;0;A1;Verb
instead of;statt;English;1;0;B1;Preposition
green;grün;English;1;0;A1;Adjective
citizen;Bürger;English;1;0;A2;Noun
to serve;dienen;English;1;0;A1;Verb
genuine;echt;English;1;0;B2;Adjective
economy;Wirtschaft;English;1;0;B1;Noun
to be (inserted or stuck into something);stecken;English;1;0;A1;Verb
to hope (for);hoffen;English;1;0;A1;Verb
to hope;hoffen;English;1;0;A1;Verb
to find out;erfahren;English;1;0;A1;Verb
means;Mittel;English;1;0;B2;Noun
remedy;Mittel;English;1;0;B1;Noun
slide;Folie;English;1;0;A2;Noun
foil;Folie;English;1;0;A1;Noun
to perform;leisten;English;1;0;A1;Verb
daughter;Tochter;English;1;0;A1;Noun
teacher;Lehrer;English;1;0;A1;Noun
to fit;passen;English;1;0;A1;Verb
to observe;beobachten;English;1;0;A1;Verb
introduction;Einführung;English;1;0;B1;Noun
element;Element;English;1;0;B1;Noun
to sound;klingen;English;1;0;A1;Verb
to love;lieben;English;1;0;A1;Verb
lady;Dame;English;1;0;A1;Noun
lecture;Vorlesung;English;1;0;B1;Noun
to count;zählen;English;1;0;A1;Verb
usually;meist;English;1;0;A1;Adverb
mostly;meist;English;1;0;A2;Adverb
dark;dunkel;English;1;0;A1;Adjective
Austria;Österreich;English;1;0;A1;Noun
model;Modell;English;1;0;A2;Noun
movement;Bewegung;English;1;0;B1;Noun
motion;Bewegung;English;1;0;B2;Noun
down;unten;English;1;0;A1;Adverb
middle;Mitte;English;1;0;A1;Noun
on the basis of;aufgrund;English;1;0;A1;Preposition
to be busy;beschäftigen;English;1;0;A1;Verb
to employ;beschäftigen;English;1;0;A1;Verb
to deal with;beschäftigen;English;1;0;A1;Verb
previously;zuvor;English;1;0;B2;Adverb
with each other;miteinander;English;1;0;A1;Adverb
to throw;werfen;English;1;0;A1;Verb
offer;Angebot;English;1;0;A2;Noun
supply;Angebot;English;1;0;B1;Noun
project;Projekt;English;1;0;B2;Noun
to sell;verkaufen;English;1;0;A1;Verb
to react;reagieren;English;1;0;A1;Verb
author;Autor;English;1;0;A2;Noun
EU;EU (Europäische Union);English;1;0;A1;Noun
size;Größe;English;1;0;A1;Noun
apparent;offenbar;English;1;0;B1;Adjective
brother;Bruder;English;1;0;A1;Noun
to participate;beteiligen;English;1;0;A1;Verb
to contribute;beteiligen;English;1;0;A1;Verb
phase;Phase;English;1;0;B2;Noun
to show off;angeben;English;1;0;A1;Verb
to declare;angeben;English;1;0;A1;Verb
trip;Reise;English;1;0;A1;Noun
journey;Reise;English;1;0;A2;Noun
successful;erfolgreich;English;1;0;A1;Adjective
true;wahr;English;1;0;A1;Adjective
row;Reihe;English;1;0;A1;Noun
series;Reihe;English;1;0;B1;Noun
line;Reihe;English;1;0;A1;Noun
nature;Natur;English;1;0;A2;Noun
to calculate;rechnen;English;1;0;A1;Verb
to compute;rechnen;English;1;0;A1;Verb
mere;bloß;English;1;0;B1;Adjective
bare;bloß;English;1;0;B1;Adjective
necessary;notwendig;English;1;0;A2;Adjective
to discover;entdecken;English;1;0;A1;Verb
to take (time);dauern;English;1;0;A1;Verb
to last;dauern;English;1;0;A1;Verb
economic;wirtschaftlich;English;1;0;B1;Adjective
financial;wirtschaftlich;English;1;0;B1;Adjective
private;privat;English;1;0;A2;Adjective
modern;modern;English;1;0;A2;Adjective
hair;Haar;English;1;0;A1;Noun
to sense;spüren;English;1;0;A1;Verb
independent;unabhängig;English;1;0;B1;Adjective
tomorrow;morgen;English;1;0;A1;Adverb
frame;Rahmen;English;1;0;A2;Noun
framework;Rahmen;English;1;0;A1;Noun
by the way;übrigens;English;1;0;A1;Adverb
unity;Einheit;English;1;0;A1;Noun
unit;Einheit;English;1;0;A2;Noun
entity;Einheit;English;1;0;A1;Noun
everywhere;überall;English;1;0;A1;Adverb
to establish;feststellen;English;1;0;A1;Verb
to detect;feststellen;English;1;0;A1;Verb
fabric;Stoff;English;1;0;B2;Noun
material;Stoff;English;1;0;A2;Noun
substance;Stoff;English;1;0;B2;Noun
speech;Rede;English;1;0;A1;Noun
talk;Rede;English;1;0;A1;Noun
to support;unterstützen;English;1;0;A1;Verb
chemical;chemisch;English;1;0;A2;Adjective
serious;schlimm;English;1;0;B1;Adjective
worse;schlimm;English;1;0;A2;Adjective
Switzerland;Schweiz;English;1;0;A1;Noun
sometime;irgendwann;English;1;0;B1;Adverb
some day;irgendwann;English;1;0;A1;Adverb
shop;Geschäft;English;1;0;A1;Noun
business;Geschäft;English;1;0;A1;Noun
neither ... nor;weder;English;1;0;A1;Conjunction
share;Anteil;English;1;0;A1;Noun
portion;Anteil;English;1;0;B2;Noun
team;Team;English;1;0;A1;Noun
except;außer;English;1;0;A2;Preposition
apart from;außer;English;1;0;A1;Preposition
summer;Sommer;English;1;0;A1;Noun
hotel;Hotel;English;1;0;A1;Noun
loudly;laut;English;1;0;A2;Adjective
age;Alter;English;1;0;A1;Noun
safety;Sicherheit;English;1;0;B1;Noun
security;Sicherheit;English;1;0;B1;Noun
SPD;SPD (Sozialdemokratische Partei Deutschlands);English;1;0;A1;Noun
constant;ständig;English;1;0;B2;Adjective
use;Einsatz;English;1;0;A1;Noun
insert;Einsatz;English;1;0;A1;Noun
mission;Einsatz;English;1;0;B1;Noun
operation;Einsatz;English;1;0;B1;Noun
bet;Einsatz;English;1;0;B1;Noun
Einsatzgruppe;Einsatzgruppe;English;1;0;A1;Noun
to deliver;liefern;English;1;0;A1;Verb
to supply;liefern;English;1;0;A1;Verb
to stress;betonen;English;1;0;A1;Verb
earth;Erde;English;1;0;A2;Noun
soil;Erde;English;1;0;B1;Noun
study;Studie;English;1;0;A1;Noun
at/to the front;vorne;English;1;0;A1;Adverb
opinion;Meinung;English;1;0;A2;Noun
to turn;drehen;English;1;0;A1;Verb
artist;Künstler;English;1;0;B1;Noun
active;aktiv;English;1;0;B1;Adjective
experiment;Versuch;English;1;0;B1;Noun
attempt;Versuch;English;1;0;A2;Noun
consequently;somit;English;1;0;B1;Adverb
to pay;bezahlen;English;1;0;A1;Verb
quality;Eigenschaft;English;1;0;A2;Noun
long since;längst;English;1;0;A1;Adverb
a long time ago;längst;English;1;0;A1;Adverb
method;Methode;English;1;0;A2;Noun
order;Ordnung;English;1;0;A1;Noun
tidiness;Ordnung;English;1;0;A1;Noun
Russia;Russland;English;1;0;A1;Noun
choice;Wahl;English;1;0;A2;Noun
election;Wahl;English;1;0;B1;Noun
to fulfill;erfüllen;English;1;0;A1;Verb
to grant;erfüllen;English;1;0;A1;Verb
mommy;Mama;English;1;0;A1;Noun
Sunday;Sonntag;English;1;0;A1;Noun
internet;Internet;English;1;0;A1;Noun
smile;Lächeln;English;1;0;A1;Noun
to smile;lächeln;English;1;0;A1;Verb
to convince;überzeugen;English;1;0;A1;Verb
interesting;interessant;English;1;0;A1;Adjective
human;menschlich;English;1;0;A2;Adjective
electron;Elektron;English;1;0;B1;Noun
France;Frankreich;English;1;0;A1;Noun
freedom;Freiheit;English;1;0;A2;Noun
specific;speziell;English;1;0;A2;Adjective
French;französisch;English;1;0;A1;Adjective
negative;negativ;English;1;0;A2;Adjective
central;zentral;English;1;0;B1;Adjective
plane;Ebene;English;1;0;A1;Noun
level;Ebene;English;1;0;A2;Noun
to visit;besuchen;English;1;0;A1;Verb
yesterday;gestern;English;1;0;A1;Adverb
player;Spieler;English;1;0;A1;Noun
absolute(ly);absolut;English;1;0;A1;Adjective
complete(ly);absolut;English;1;0;A1;Adjective
to fly;fliegen;English;1;0;A1;Verb
dog;Hund;English;1;0;A1;Noun
to answer;antworten;English;1;0;A1;Verb
wall;Wand;English;1;0;A1;Noun
on/to the right;rechts;English;1;0;A1;Adverb
concrete;konkret;English;1;0;B2;Adjective
Russian;russisch;English;1;0;A1;Adjective
field;Feld;English;1;0;A1;Noun
to earn;verdienen;English;1;0;A1;Verb
to deserve;verdienen;English;1;0;A1;Verb
American;amerikanisch;English;1;0;A1;Adjective
second;Sekunde;English;1;0;A1;Noun
letter;Brief;English;1;0;A1;Noun
member;Mitglied;English;1;0;A2;Noun
practical;praktisch;English;1;0;B1;Adjective
danger;Gefahr;English;1;0;A2;Noun
risk;Gefahr;English;1;0;B1;Noun
to tie;binden;English;1;0;A1;Verb
to bind;binden;English;1;0;A1;Verb
worldwide;weltweit;English;1;0;A2;Adjective
love;Liebe;English;1;0;A1;Noun
China;China;English;1;0;A1;Noun
wide;breit;English;1;0;A2;Adjective
broad;breit;English;1;0;B1;Adjective
outside;draußen;English;1;0;A1;Adverb
effect;Wirkung;English;1;0;A2;Noun
education;Bildung;English;1;0;A2;Noun
blood;Blut;English;1;0;A2;Noun
sea;Meer;English;1;0;A1;Noun
change;Veränderung;English;1;0;A1;Noun
mouth;Mund;English;1;0;A1;Noun
to charge;berechnen;English;1;0;A1;Verb
to amount;betragen;English;1;0;A1;Verb
unfamiliar;fremd;English;1;0;B2;Adjective
foreign;fremd;English;1;0;A1;Adjective
examination;Untersuchung;English;1;0;B1;Noun
error;Fehler;English;1;0;A2;Noun
mistake;Fehler;English;1;0;A2;Noun
since then;mittlerweile;English;1;0;A1;Adverb
to build up;aufbauen;English;1;0;A1;Verb
sun;Sonne;English;1;0;A1;Noun
principle;Prinzip;English;1;0;B1;Noun
beforehand;vorher;English;1;0;A1;Adverb
fight;Kampf;English;1;0;A1;Noun
struggle;Kampf;English;1;0;B1;Noun
disposal;Verfügung;English;1;0;B2;Noun
to celebrate;feiern;English;1;0;A1;Verb
program;Programm;English;1;0;A1;Noun
left;linke;English;1;0;A1;Adjective
influence;Einfluss;English;1;0;A2;Noun
temperature;Temperatur;English;1;0;A2;Noun
empty;leer;English;1;0;A2;Adjective
to inform;mitteilen;English;1;0;A1;Verb
to share;mitteilen;English;1;0;A1;Verb
technique;Verfahren;English;1;0;B1;Noun
thanks;danke;English;1;0;A1;Adverb
to refer;beziehen;English;1;0;A1;Verb
to change (the bed);beziehen;English;1;0;A1;Verb
analysis;Analyse;English;1;0;B1;Noun
classical;klassisch;English;1;0;B1;Adjective
former;ehemalig;English;1;0;B1;Adjective
leg;Bein;English;1;0;A1;Noun
glass;Glas;English;1;0;A1;Noun
to examine;untersuchen;English;1;0;A1;Verb
cold;kalt;English;1;0;A1;Adjective
worry;Sorge;English;1;0;A1;Noun
sky;Himmel;English;1;0;A1;Noun
heaven;Himmel;English;1;0;B1;Noun
national;national;English;1;0;A2;Adjective
church;Kirche;English;1;0;A1;Noun
on/to the left;links;English;1;0;A1;Adverb
CDU;CDU (Christlich Demokratische Union Deutschlands);English;1;0;A1;Noun
to measure;messen;English;1;0;A1;Verb
dear;lieb;English;1;0;A1;Adjective
club;Verein;English;1;0;A1;Noun
association;Verein;English;1;0;A2;Noun
atom;Atom;English;1;0;A2;Noun
historical;historisch;English;1;0;B1;Adjective
to sink;sinken;English;1;0;A1;Verb
to cost;kosten;English;1;0;A1;Verb
decisive;entscheidend;English;1;0;B2;Adjective
to divide;teilen;English;1;0;A1;Verb
to come (from);stammen;English;1;0;A1;Verb
to descend;stammen;English;1;0;A1;Verb
scientific;wissenschaftlich;English;1;0;A2;Adjective
scholarly;wissenschaftlich;English;1;0;A1;Adjective
factor;Faktor;English;1;0;B2;Noun
attachment;Bindung;English;1;0;B1;Noun
literature;Literatur;English;1;0;B1;Noun
to surprise;überraschen;English;1;0;A1;Verb
to confirm;bestätigen;English;1;0;A1;Verb
to endorse;bestätigen;English;1;0;A1;Verb
conscious;bewusst;English;1;0;B1;Adjective
deliberate;bewusst;English;1;0;B2;Adjective
section;Abschnitt;English;1;0;A1;Noun
paragraph;Abschnitt;English;1;0;A1;Noun
passage;Abschnitt;English;1;0;A2;Noun
proximity;Nähe;English;1;0;B2;Noun
vicinity;Nähe;English;1;0;A1;Noun
numerous;zahlreich;English;1;0;B1;Adjective
medical;medizinisch;English;1;0;A2;Adjective
remaining;übrig;English;1;0;B2;Adjective
leftover;übrig;English;1;0;A1;Adjective
Turkey;Türkei;English;1;0;A1;Noun
production;Produktion;English;1;0;A2;Noun
to press;drücken;English;1;0;A1;Verb
to push;drücken;English;1;0;A1;Verb
to threaten;drohen;English;1;0;A1;Verb
gas;Gas;English;1;0;A2;Noun
to send;schicken;English;1;0;A1;Verb
contact;Kontakt;English;1;0;A2;Noun
interview;Interview;English;1;0;A1;Noun
it doesn't matter;es ist egal;English;1;0;A1;Adverb
(it’s all) the same;es ist egal;English;1;0;A1;Adverb
indifferent;es ist egal;English;1;0;B2;Adverb
doesn't matter;es ist egal;English;1;0;A1;Adverb
to travel;reisen;English;1;0;A1;Verb
mountain;Berg;English;1;0;A1;Noun
hill;Berg;English;1;0;A1;Noun
somewhere;irgendwo;English;1;0;A2;Adverb
to separate;trennen;English;1;0;A1;Verb
to require;benötigen;English;1;0;A1;Verb
memory;Erinnerung;English;1;0;A1;Noun
to prevent;verhindern;English;1;0;A1;Verb
visibility;Sicht;English;1;0;A1;Noun
dollar;Dollar;English;1;0;A1;Noun
to suffer;leiden;English;1;0;A1;Verb
claim;Anspruch;English;1;0;A2;Noun
position;Position;English;1;0;A2;Noun
sport;Sport;English;1;0;A1;Noun
civil code;BGB (Bürgerliches Gesetzbuch);English;1;0;A1;Noun
demand;Nachfrage;English;1;0;B1;Noun
blue;blau;English;1;0;A1;Adjective
expensive;teuer;English;1;0;A1;Adjective
media;Medien (pl);English;1;0;B2;Noun
to direct;richten;English;1;0;A1;Verb
institute;Institut;English;1;0;B1;Noun
plan;Plan;English;1;0;A1;Noun
after all;immerhin;English;1;0;A1;Adverb
gate;Tor;English;1;0;A2;Noun
complex;komplex;English;1;0;B1;Adjective
village;Dorf;English;1;0;A2;Noun
to be suitable;eignen (sich);English;1;0;A1;Verb
class;Klasse;English;1;0;A1;Noun
classroom;Klasse;English;1;0;A1;Noun
grade;Klasse;English;1;0;A1;Noun
to react to;eingehen;English;1;0;A1;Verb
to go into;eingehen;English;1;0;A1;Verb
to address;eingehen;English;1;0;A1;Verb
to cater;eingehen;English;1;0;A1;Verb
to permit;erlauben;English;1;0;A1;Verb
to exercise;treiben;English;1;0;A1;Verb
to pursue;treiben;English;1;0;A1;Verb
gone;weg;English;1;0;A1;Adverb
vanished;weg;English;1;0;A1;Adverb
to get up;aufstehen;English;1;0;A1;Verb
to stand up;aufstehen;English;1;0;A1;Verb
heel;Absatz (Abs.);English;1;0;B1;Noun
sales;Absatz (Abs.);English;1;0;A1;Noun
on the way;unterwegs;English;1;0;A1;Adverb
contract;Vertrag;English;1;0;B2;Noun
expression;Ausdruck;English;1;0;A2;Noun
to get into;geraten;English;1;0;A1;Verb
terrific;toll;English;1;0;B1;Adjective
silence;Schweigen;English;1;0;A2;Noun
to remain silent;schweigen;English;1;0;A1;Verb
sister;Schwester;English;1;0;A1;Noun
boss;Chef;English;1;0;A2;Noun
leader;Chef;English;1;0;A1;Noun
to take hold of;greifen;English;1;0;A1;Verb
weak;schwach;English;1;0;A2;Adjective
chart;Tabelle;English;1;0;A2;Noun
to enable;ermöglichen;English;1;0;A1;Verb
Friday;Freitag;English;1;0;A1;Noun
hint;Hinweis;English;1;0;B2;Noun
instruction;Hinweis;English;1;0;B1;Noun
advantage;Vorteil;English;1;0;A2;Noun
protein;Protein;English;1;0;A1;Noun
profit;Gewinn;English;1;0;B2;Noun
March;März;English;1;0;A1;Noun
to repeat;wiederholen;English;1;0;A1;Verb
peace;Ruhe;English;1;0;A1;Noun
presentation;Darstellung;English;1;0;B1;Noun
description;Darstellung;English;1;0;A2;Noun
depiction;Darstellung;English;1;0;A1;Noun
calm;ruhig;English;1;0;B1;Adjective
quiet;ruhig;English;1;0;A1;Adjective
dream;Traum;English;1;0;A1;Noun
to treat;behandeln;English;1;0;A1;Verb
to protect;schützen;English;1;0;A1;Verb
to discuss;diskutieren;English;1;0;A1;Verb
spokesperson;Sprecher;English;1;0;A1;Noun
speaker;Sprecher;English;1;0;A2;Noun
loudspeaker;Lautsprecher;English;1;0;B1;Noun
criticism;Kritik;English;1;0;B2;Noun
review;Kritik;English;1;0;A1;Noun
renewed;erneut;English;1;0;A2;Adjective
coach;Trainer;English;1;0;A1;Noun
April;April;English;1;0;A1;Noun
to register;melden;English;1;0;A2;Verb
to check in;melden;English;1;0;A2;Verb
in turn;wiederum;English;1;0;A2;Adverb
victim;Opfer;English;1;0;B1;Noun
sacrifice;Opfer;English;1;0;A2;Noun
beyond;hinaus;English;1;0;A2;Adverb
existing;vorhanden;English;1;0;B2;Adjective
available;vorhanden;English;1;0;B1;Adjective
west;Westen;English;1;0;A2;Noun
title;Titel;English;1;0;A2;Noun
impression;Eindruck;English;1;0;B1;Noun
tree;Baum;English;1;0;A1;Noun
to be (answer);lauten;English;1;0;A2;Verb
discussion;Diskussion;English;1;0;A2;Noun
debate;Diskussion;English;1;0;A2;Noun
student;Student;English;1;0;A1;Noun
population;Bevölkerung;English;1;0;A2;Noun
finger;Finger;English;1;0;B1;Noun
the Greens;Grüne;English;1;0;A2;Noun
total;total;English;1;0;B1;Adjective
complete;total;English;1;0;A2;Adjective
distance;Abstand;English;1;0;B1;Noun
shoulder;Schulter;English;1;0;A1;Noun
measure;Maßnahme;English;1;0;B1;Noun
ribbon;Band;English;1;0;A1;Noun
tape;Band;English;1;0;A2;Noun
volume;Band;English;1;0;B1;Noun
tome;Band;English;1;0;A2;Noun
band (musical);Band;English;1;0;A2;Noun
underneath;darunter;English;1;0;B1;Pronoun
under it;darunter;English;1;0;A2;Pronoun
the one (who, that);diejenige;English;1;0;A2;Pronoun
the one (who);diejenige;English;1;0;A2;Pronoun
forest;Wald;English;1;0;A2;Noun
woods;Wald;English;1;0;A2;Noun
island;Insel;English;1;0;A1;Noun
conclusion;Schluss;English;1;0;B1;Noun
subsequent;anschließend;English;1;0;A2;Adverb
cultural;kulturell;English;1;0;B1;Adjective
to define;definieren;English;1;0;A2;Verb
September;September;English;1;0;A1;Noun
profession;Beruf;English;1;0;B1;Noun
occupation;Beruf;English;1;0;A2;Noun
approach;Ansatz;English;1;0;B1;Noun
to rule;herrschen;English;1;0;A2;Verb
victory;Sieg;English;1;0;B1;Noun
kitchen;Küche;English;1;0;A1;Noun
cuisine;Küche;English;1;0;A2;Noun
responsible;verantwortlich;English;1;0;B1;Adjective
daily;täglich;English;1;0;A2;Adjective
Monday;Montag;English;1;0;A1;Noun
fun;Spaß;English;1;0;A1;Noun
think about;überlegen;English;1;0;A2;Verb
think of;überlegen;English;1;0;A2;Verb
May;Mai;English;1;0;A1;Noun
to consist of;umfassen;English;1;0;A2;Verb
to surround;umfassen;English;1;0;A2;Verb
novel;Roman;English;1;0;A2;Noun
January;Januar;English;1;0;A1;Noun
nine;neun;English;1;0;A1;Number
to fight;kämpfen;English;1;0;A2;Verb
respective;jeweilig;English;1;0;A2;Adjective
particular;jeweilig;English;1;0;B2;Adjective
to promise;versprechen;English;1;0;A2;Verb
definition;Definition;English;1;0;B1;Noun
to lift;heben;English;1;0;A2;Verb
back;Rücken;English;1;0;A1;Noun
crowd;Masse;English;1;0;A2;Noun
mass;Masse;English;1;0;B1;Noun
to sing;singen;English;1;0;A2;Verb
theory;Theorie;English;1;0;B1;Noun
content;Inhalt;English;1;0;B1;Noun
plot;Inhalt;English;1;0;B2;Noun
to fail;scheitern;English;1;0;A2;Verb
to break down;scheitern;English;1;0;A2;Verb
event;Ereignis;English;1;0;A1;Noun
merely;lediglich;English;1;0;B1;Adverb
organic;organisch;English;1;0;B1;Adjective
happy;glücklich;English;1;0;A1;Adjective
fortunate;glücklich;English;1;0;B1;Adjective
rest;Rest;English;1;0;B1;Noun
remainder;Rest;English;1;0;B1;Noun
wish;Wunsch;English;1;0;A1;Noun
thick;dick;English;1;0;A1;Adjective
fat;dick;English;1;0;A1;Adjective
enormous;riesig;English;1;0;A2;Adjective
huge;riesig;English;1;0;B1;Adjective
tremendous;riesig;English;1;0;B1;Adjective
giant;riesig;English;1;0;B1;Adjective
massive;riesig;English;1;0;B1;Adjective
humongous;riesig;English;1;0;A2;Adjective
today’s;heutig;English;1;0;A2;Adjective
present-day;heutig;English;1;0;A2;Adjective
hello;hallo;English;1;0;A1;Particle
museum;Museum;English;1;0;A2;Noun
color;Farbe;English;1;0;A1;Noun
twelve;zwölf;English;1;0;A1;Number
regular;regelmäßig;English;1;0;A2;Adjective
from (something);her;English;1;0;A2;Adverb
to adjust;einstellen;English;1;0;A2;Verb
to discontinue;einstellen;English;1;0;A2;Verb
theater;Theater;English;1;0;A1;Noun
king;König;English;1;0;A1;Noun
ear;Ohr;English;1;0;A1;Noun
to promote;fördern;English;1;0;A2;Verb
electric;elektrisch;English;1;0;A2;Adjective
construction;Aufbau;English;1;0;B1;Noun
contribution;Beitrag;English;1;0;B1;Noun
February;Februar;English;1;0;A1;Noun
to conduct;durchführen;English;1;0;A2;Verb
to carry out;durchführen;English;1;0;A2;Verb
to come to mind;einfallen;English;1;0;A2;Verb
to collapse;einfallen;English;1;0;A2;Verb
to injure;verletzen;English;1;0;A2;Verb
inspection;Kontrolle;English;1;0;B1;Noun
control;Kontrolle;English;1;0;A2;Noun
crew;Mannschaft;English;1;0;B2;Noun
either;entweder;English;1;0;A1;Conjunction
hope;Hoffnung;English;1;0;A1;Noun
responsibility;Verantwortung;English;1;0;B1;Noun
to scream;schreien;English;1;0;A2;Verb
to cry out;schreien;English;1;0;A2;Verb
visit;Besuch;English;1;0;A1;Noun
hundred;hundert;English;1;0;A2;Number
source;Quelle;English;1;0;A2;Noun
spring;Quelle;English;1;0;A1;Noun
typical;typisch;English;1;0;B1;Adjective
territory;Gebiet;English;1;0;B2;Noun
authorities;Behörde;English;1;0;A2;Noun
department;Behörde;English;1;0;B1;Noun
Saturday;Samstag;English;1;0;A1;Noun
organization;Organisation;English;1;0;B1;Noun
sum;Summe;English;1;0;A1;Noun
to be sufficient;ausreichen;English;1;0;A2;Verb
degree;Grad;English;1;0;A2;Noun
any;irgendein;English;1;0;A1;Pronoun
anything;irgendetwas;English;1;0;A1;Pronoun
partly;teilweise;English;1;0;A2;Adverb
trust;Vertrauen;English;1;0;A2;Noun
faith;Vertrauen;English;1;0;B2;Noun
to trust;vertrauen;English;1;0;A2;Verb
decade;Jahrzehnt;English;1;0;B2;Noun
wind;Wind;English;1;0;A1;Noun
immediate;unmittelbar;English;1;0;B1;Adjective
alliance;Bund;English;1;0;B2;Noun
bunch;Bund;English;1;0;B1;Noun
extreme;extrem;English;1;0;B1;Adjective
feature;Merkmal;English;1;0;A2;Noun
theoretical;theoretisch;English;1;0;A2;Adjective
to investigate;ermitteln;English;1;0;A2;Verb
daddy;Papa;English;1;0;A1;Noun
disease;Krankheit;English;1;0;B1;Noun
illness;Krankheit;English;1;0;B1;Noun
requirement;Voraussetzung;English;1;0;B1;Noun
to kill;töten;English;1;0;A2;Verb
to formulate;formulieren;English;1;0;A2;Verb
(point in) time;Zeitpunkt;English;1;0;A2;Noun
corridor;Gang;English;1;0;B2;Noun
aisle;Gang;English;1;0;A2;Noun
course;Gang;English;1;0;A1;Noun
politician;Politiker;English;1;0;B1;Noun
support;Unterstützung;English;1;0;A2;Noun
hey;hey;English;1;0;A2;Particle
to break;brechen;English;1;0;A2;Verb
center;Zentrum;English;1;0;A2;Noun
to remove;entfernen;English;1;0;A2;Verb
June;Juni;English;1;0;A1;Noun
skin;Haut;English;1;0;B1;Noun
protection;Schutz;English;1;0;B1;Noun
generation;Generation;English;1;0;A2;Noun
Chinese;chinesisch;English;1;0;A2;Adjective
sign;Zeichen;English;1;0;A1;Noun
truth;Wahrheit;English;1;0;A2;Noun
household;Haushalt;English;1;0;B1;Noun
budget;Haushalt;English;1;0;A2;Noun
garden;Garten;English;1;0;A1;Noun
at/in the back;hinten;English;1;0;A2;Adverb
to stand out;auffallen;English;1;0;A2;Verb
contrast;Gegensatz;English;1;0;A2;Noun
to distribute;verteilen;English;1;0;A2;Verb
paper;Papier;English;1;0;A1;Noun
physical;physikalisch;English;1;0;A2;Adjective
in view of;angesichts;English;1;0;A2;Preposition
soft;leise;English;1;0;A2;Adjective
in case;falls;English;1;0;A2;Conjunction
for the first time;erstmals;English;1;0;A2;Adverb
partner;Partner;English;1;0;A1;Noun
to reflect;nachdenken;English;1;0;A2;Verb
training;Ausbildung;English;1;0;A2;Noun
carriage;Wagen;English;1;0;B1;Noun
ship;Schiff;English;1;0;A1;Noun
thousand;tausend;English;1;0;A2;Number
deed;Tat;English;1;0;B1;Noun
action;Tat;English;1;0;A1;Noun
upper;obere;English;1;0;B1;Adjective
equation;Gleichung;English;1;0;B2;Noun
stone;Stein;English;1;0;A1;Noun
rock;Stein;English;1;0;A2;Noun
to take care of;kümmern (sich);English;1;0;A2;Verb
average;mittlere;English;1;0;A2;Adjective
explanation;Erklärung;English;1;0;A2;Noun
Wednesday;Mittwoch;English;1;0;A1;Noun
to disturb;stören;English;1;0;A2;Verb
track;Spur;English;1;0;A2;Noun
lane;Spur;English;1;0;A2;Noun
(of) Berlin;berliner;English;1;0;A2;Adjective
challenge;Herausforderung;English;1;0;A2;Noun
to improve;verbessern;English;1;0;A2;Verb
hot;heiß;English;1;0;A1;Adjective
past;Vergangenheit;English;1;0;A1;Noun
balance;Gleichgewicht;English;1;0;B1;Noun
Greece;Griechenland;English;1;0;A2;Noun
to submit;abgeben;English;1;0;A2;Verb
report;Bericht;English;1;0;A2;Noun
edge;Rand;English;1;0;B1;Noun
Italy;Italien;English;1;0;A2;Noun
core;Kern;English;1;0;B2;Noun
seed;Kern;English;1;0;A2;Noun
main focus;Kern;English;1;0;A2;Noun
winter;Winter;English;1;0;A1;Noun
background;Hintergrund;English;1;0;A2;Noun
east;Osten, Ost-;English;1;0;A2;Noun
America;Amerika;English;1;0;A2;Noun
born;geboren;English;1;0;A2;Adjective
dangerous;gefährlich;English;1;0;A2;Adjective
to force;zwingen;English;1;0;A2;Verb
beer;Bier;English;1;0;A2;Noun
news;Nachricht;English;1;0;A1;Noun
message;Nachricht;English;1;0;A1;Noun
to collect;sammeln;English;1;0;A2;Verb
to reject;ablehnen;English;1;0;A2;Verb
to bump;aneinander stoßen;English;1;0;A2;Verb
October;Oktober;English;1;0;A1;Noun
to go on;angehen;English;1;0;A2;Verb
to proceed;verlaufen;English;1;0;A2;Verb
to get lost;sich verlaufen;English;1;0;A2;Verb
mad;böse;English;1;0;A2;Adjective
bitter;böse;English;1;0;B1;Adjective
to provoke;auslösen;English;1;0;A2;Verb
to set off;auslösen;English;1;0;A2;Verb
to continue;weitergehen;English;1;0;A2;Verb
to depend;abhängen;English;1;0;A2;Verb
speed;Geschwindigkeit;English;1;0;A2;Noun
ideal;ideal;English;1;0;A1;Adjective
to reduce;reduzieren;English;1;0;A2;Verb
machine;Maschine;English;1;0;A1;Noun
linear;linear;English;1;0;A2;Adjective
to agree;ausmachen;English;1;0;A2;Verb
to put out;ausmachen;English;1;0;A2;Verb
to enter;eintreten;English;1;0;A2;Verb
critical;kritisch;English;1;0;B1;Adjective
um;äh;English;1;0;A2;Particle
weekend;Wochenende;English;1;0;A1;Noun
Thursday;Donnerstag;English;1;0;A1;Noun
season;Saison;English;1;0;B1;Noun
researcher;Forscher;English;1;0;B1;Noun
to found;gründen;English;1;0;A2;Verb
obvious;offensichtlich;English;1;0;B1;Adjective
particle;Teilchen;English;1;0;B2;Noun
computer;Computer;English;1;0;A1;Noun
to lose (weight);abnehmen;English;1;0;A2;Verb
distribution;Verteilung;English;1;0;B1;Noun
application;Anwendung;English;1;0;B1;Noun
to draw;zeichnen;English;1;0;A2;Verb
fresh;frisch;English;1;0;A2;Adjective
to mention;erwähnen;English;1;0;A2;Verb
wave;Welle;English;1;0;A2;Noun
nose;Nase;English;1;0;A1;Noun
to represent;vertreten;English;1;0;A2;Verb
dense;dicht;English;1;0;B2;Adjective
soldier;Soldat;English;1;0;A2;Noun
ready;bereit;English;1;0;A1;Adjective
technology;Technik;English;1;0;A1;Noun
leaf;Blatt;English;1;0;A1;Noun
sheet;Blatt;English;1;0;B1;Noun
to shape;prägen;English;1;0;A2;Verb
so to speak;sozusagen;English;1;0;A2;Adverb
November;November;English;1;0;A1;Noun
Swiss;Schweizer;English;1;0;A2;Adjective
healthy;gesund;English;1;0;A1;Adjective
to thank;danken;English;1;0;A2;Verb
soccer;Fußball;English;1;0;A1;Noun
soccer ball;Fußball;English;1;0;A2;Noun
circumstance;Umstand;English;1;0;B2;Noun
to invite;einladen;English;1;0;A2;Verb
kilogram;Kilogramm;English;1;0;A2;Noun
warm;warm;English;1;0;A1;Adjective
integration;Integration;English;1;0;A2;Noun
neighbor;Nachbar;English;1;0;A1;Noun
maximum;maximal;English;1;0;B1;Adjective
figure;Figur;English;1;0;A2;Noun
joy;Freude;English;1;0;A2;Noun
official;offiziell;English;1;0;A2;Adjective
district;Kreis;English;1;0;B1;Noun
circle;Kreis;English;1;0;A1;Noun
to nod;nicken;English;1;0;A2;Verb
digital;digital;English;1;0;B1;Adjective
unknown;unbekannt;English;1;0;A2;Adjective
court;Gericht;English;1;0;A2;Noun
dish;Gericht;English;1;0;A1;Noun
to value;schätzen;English;1;0;A2;Verb
to organize;organisieren;English;1;0;A2;Verb
aspect;Aspekt;English;1;0;B1;Noun
to give up;verzichten;English;1;0;A2;Verb
coffee;Kaffee;English;1;0;A1;Noun
(be) tired (of);leid;English;1;0;A2;Adverb
sorrow;Leid;English;1;0;B1;Noun
grief;Leid;English;1;0;B2;Noun
representative;Vertreter;English;1;0;B1;Noun
statistics;Statistik;English;1;0;B2;Noun
homeland;Heimat;English;1;0;A2;Noun
home;Heimat;English;1;0;A1;Noun
milliliter;Milliliter (ml);English;1;0;A2;Noun
to return;zurückkehren;English;1;0;A2;Verb
object;Gegenstand;English;1;0;B1;Noun
to implement;umsetzen;English;1;0;A2;Verb
to proceed with;betreiben;English;1;0;A2;Verb
to operate;betreiben;English;1;0;A2;Verb
cooperation;Zusammenarbeit;English;1;0;B2;Noun
to end;enden;English;1;0;A2;Verb
to concentrate;konzentrieren;English;1;0;A2;Verb
to land;landen;English;1;0;A2;Verb
lake;See;English;1;0;A2;Noun
tourist;Tourist;English;1;0;A2;Noun
concentration;Konzentration;English;1;0;B1;Noun
to forbid;verbieten;English;1;0;A2;Verb
sick;krank;English;1;0;A1;Adjective
ill;krank;English;1;0;A2;Adjective
ability;Fähigkeit;English;1;0;A2;Noun
capability;Fähigkeit;English;1;0;B2;Noun
adolescent;Jugendliche;English;1;0;A2;Noun
network;Netz;English;1;0;B1;Noun
net;Netz;English;1;0;A2;Noun
modification;Änderung;English;1;0;B2;Noun
alteration;Änderung;English;1;0;A2;Noun
to lock;abschließen;English;1;0;A2;Verb
realization;Erkenntnis;English;1;0;B2;Noun
discovery;Erkenntnis;English;1;0;B1;Noun
self-evident;selbstverständlich;English;1;0;A2;Adjective
cause;Ursache;English;1;0;A2;Noun
original;ursprünglich;English;1;0;A2;Adjective
research;Forschung;English;1;0;A2;Noun
to shoot;schießen;English;1;0;A2;Verb
to warn;warnen;English;1;0;A2;Verb
centimeter;Zentimeter (cm);English;1;0;A2;Noun
cm;Zentimeter (cm);English;1;0;A2;Noun
suspicion;Ahnung;English;1;0;B1;Noun
to announce;ankündigen;English;1;0;A2;Verb
enzyme;Enzym;English;1;0;A2;Noun
intensive;intensiv;English;1;0;B1;Adjective
federal government;Bundesregierung;English;1;0;A2;Noun
to grasp;begreifen;English;1;0;A2;Verb
scene;Szene;English;1;0;A2;Noun
member of parliament;Abgeordnete;English;1;0;A2;Noun
congress;Abgeordnete;English;1;0;A2;Noun
to strengthen;verstärken;English;1;0;A2;Verb
to reinforce;verstärken;English;1;0;A2;Verb
to exclude;ausschließen;English;1;0;A2;Verb
to rule out;ausschließen;English;1;0;A2;Verb
sensible;sinnvoll;English;1;0;B2;Adjective
meaningful;sinnvoll;English;1;0;B1;Adjective
reference;Bezug;English;1;0;B2;Noun
cover;Bezug;English;1;0;A1;Noun
Tuesday;Dienstag;English;1;0;A1;Noun
stage;Stand;English;1;0;A1;Noun
stand;Stand;English;1;0;A1;Noun
score;Stand;English;1;0;B1;Noun
to rescue;retten;English;1;0;A2;Verb
twenty;zwanzig;English;1;0;A1;Number
violence;Gewalt;English;1;0;B1;Noun
force;Gewalt;English;1;0;A2;Noun
attack;Anschlag;English;1;0;A2;Noun
to influence;beeinflussen;English;1;0;A2;Verb
to smell;riechen;English;1;0;A2;Verb
to accompany;begleiten;English;1;0;A2;Verb
audience;Publikum;English;1;0;A2;Noun
visitor;Besucher;English;1;0;A2;Noun
growth;Wachstum;English;1;0;B1;Noun
proud;stolz;English;1;0;B1;Adjective
loss;Verlust;English;1;0;B1;Noun
to justify;begründen;English;1;0;A2;Verb
strict;streng;English;1;0;A1;Adjective
rigorous;streng;English;1;0;A2;Adjective
corner;Ecke;English;1;0;A1;Noun
race;Lauf;English;1;0;B1;Noun
run;Lauf;English;1;0;A1;Noun
article;Artikel;English;1;0;A1;Noun
to replace;ersetzen;English;1;0;A2;Verb
to reimburse;ersetzen;English;1;0;A2;Verb
probability;Wahrscheinlichkeit;English;1;0;B1;Noun
foreign countries;Ausland;English;1;0;A2;Noun
Bavarian;bayrisch;English;1;0;A2;Adjective
this time;diesmal;English;1;0;A2;Adverb
brain;Gehirn;English;1;0;A1;Noun
building;Gebäude;English;1;0;A1;Noun
long-term;langfristig;English;1;0;B2;Adjective
cordial;herzlich;English;1;0;A2;Adjective
to secure;sichern;English;1;0;A2;Verb
to spend (time);verbringen;English;1;0;A2;Verb
electricity;Strom;English;1;0;B1;Noun
stream;Strom;English;1;0;B1;Noun
office;Amt;English;1;0;A1;Noun
to criticize;kritisieren;English;1;0;A2;Verb
to convey;vermitteln;English;1;0;A2;Verb
reality;Wirklichkeit;English;1;0;B1;Noun
union;Union;English;1;0;B1;Noun
studies;Studium;English;1;0;A2;Noun
to hold on to;festhalten;English;1;0;A2;Verb
democracy;Demokratie;English;1;0;B1;Noun
recording;Aufnahme;English;1;0;B1;Noun
reception;Aufnahme;English;1;0;B1;Noun
snapshot;Aufnahme;English;1;0;A2;Noun
exception;Ausnahme;English;1;0;B2;Noun
investment;Investition;English;1;0;B2;Noun
desire;Lust;English;1;0;B1;Noun
to invest;anlegen;English;1;0;A2;Verb
spectator;Zuschauer;English;1;0;B1;Noun
bright;hell;English;1;0;A1;Adjective
in the middle;mitten;English;1;0;A2;Adverb
conflict;Konflikt;English;1;0;B1;Noun
railway;Bahn;English;1;0;B1;Noun
Syria;Syrien;English;1;0;A2;Noun
income;Einkommen;English;1;0;B1;Noun
to recommend;empfehlen;English;1;0;A2;Verb
British;britisch;English;1;0;A2;Adjective
to fear;fürchten;English;1;0;A2;Verb
to prepare;vorbereiten;English;1;0;A2;Verb
activity;Aktivität;English;1;0;A1;Noun
glad;froh;English;1;0;A1;Adjective
to express;äußern;English;1;0;A2;Verb
spirit;Geist;English;1;0;B1;Noun
possibly;möglicherweise;English;1;0;A2;Adverb
to jump;springen;English;1;0;A2;Verb
courtyard;Hof;English;1;0;A2;Noun
police officer;Polizist;English;1;0;A2;Noun
practice;Übung;English;1;0;A1;Noun
resistance;Widerstand;English;1;0;B2;Noun
to put on;anziehen;English;1;0;A2;Verb
expert;Experte;English;1;0;A2;Noun
to fill;füllen;English;1;0;A2;Verb
community;Gemeinde;English;1;0;B2;Noun
break;Pause;English;1;0;A1;Noun
sharp;scharf;English;1;0;B1;Adjective
to shake;schütteln;English;1;0;A2;Verb
television;Fernsehen;English;1;0;A1;Noun
formula;Formel;English;1;0;B1;Noun
yellow;gelb;English;1;0;A1;Adjective
summer semester;Sommersemester;English;1;0;A2;Noun
violent;heftig;English;1;0;A2;Adjective
damage;Schaden;English;1;0;B1;Noun
reversed;umgekehrt;English;1;0;A2;Adjective
to publish;veröffentlichen;English;1;0;A2;Verb
to put up;aufstellen;English;1;0;A2;Verb
dependent;abhängig;English;1;0;B1;Adjective
route;Strecke;English;1;0;B2;Noun
to take (along);mitnehmen;English;1;0;A2;Verb
usual;üblich;English;1;0;A2;Adjective
to transfer;übertragen;English;1;0;A2;Verb
science;Wissenschaft;English;1;0;A1;Noun
global;global;English;1;0;B1;Adjective
afternoon;Nachmittag;English;1;0;A1;Noun
assumption;Annahme;English;1;0;B2;Noun
surroundings;Umgebung;English;1;0;B2;Noun
mirror;Spiegel;English;1;0;A2;Noun
to occupy;besetzen;English;1;0;A2;Verb
fan;Fan;English;1;0;A1;Noun
ticket;Karte;English;1;0;A1;Noun
poor;arm;English;1;0;A1;Adjective
crisis;Krise;English;1;0;B1;Noun
strategy;Strategie;English;1;0;A2;Noun
journalist;Journalist;English;1;0;B1;Noun
to cook;kochen;English;1;0;A2;Verb
to go back;zurückgehen;English;1;0;A2;Verb
pain;Schmerz;English;1;0;B1;Noun
considerable;erheblich;English;1;0;B1;Adjective
exclusive;ausschließlich;English;1;0;B1;Adjective
Greek;griechisch;English;1;0;A2;Adjective
(oh) well;naja;English;1;0;A2;Particle
the more;desto;English;1;0;A2;Adverb
competition;Wettbewerb;English;1;0;A2;Noun
to have sth at one’s disposal;verfügen;English;1;0;A2;Verb
doubt;Zweifel;English;1;0;A2;Noun
corporation;Konzern;English;1;0;B2;Noun
to dance;tanzen;English;1;0;A2;Verb
to survive;überleben;English;1;0;A2;Verb
camera;Kamera;English;1;0;A1;Noun
shadow;Schatten;English;1;0;A2;Noun
horse;Pferd;English;1;0;A1;Noun
to encounter;begegnen;English;1;0;A2;Verb
access;Zugang;English;1;0;B1;Noun
eleven;elf;English;1;0;A1;Number
search;Suche;English;1;0;A2;Noun
double;doppelt;English;1;0;A2;Adjective
Austrian;österreichisch;English;1;0;A2;Adjective
fact;Tatsache;English;1;0;A2;Noun
alcohol;Alkohol;English;1;0;B1;Noun
north;Norden, Nord-;English;1;0;A2;Noun
satisfied;zufrieden;English;1;0;B1;Adjective
to tear;reißen;English;1;0;A2;Verb
as long as;solange;English;1;0;A2;Conjunction
scientist;Wissenschaftler;English;1;0;A1;Noun
communication;Kommunikation;English;1;0;A2;Noun
steering wheel;Steuer;English;1;0;B2;Noun
tax;Steuer;English;1;0;B1;Noun
alleged;angeblich;English;1;0;A2;Adjective
cheap;günstig;English;1;0;A2;Adjective
December;Dezember;English;1;0;A1;Noun
airport;Flughafen;English;1;0;A1;Noun
hospital;Krankenhaus;English;1;0;A1;Noun
to turn around;wenden;English;1;0;A2;Verb
Turkish;türkisch;English;1;0;A2;Adjective
opponent;Gegner;English;1;0;B2;Noun
reader;Leser;English;1;0;A1;Noun
economics;VWL (Volkswirtschaftslehre);English;1;0;B1;Noun
knowledge;Kenntnis;English;1;0;A2;Noun
visible;sichtbar;English;1;0;B1;Adjective
Deutschmark;Mark;English;1;0;A2;Noun
to provide for;vorsehen;English;1;0;A2;Verb
difficulty;Schwierigkeit;English;1;0;A2;Noun
to perceive;wahrnehmen;English;1;0;A2;Verb
to point to;hinweisen;English;1;0;A2;Verb
July;Juli;English;1;0;A1;Noun
signal;Signal;English;1;0;B1;Noun
to control;kontrollieren;English;1;0;A2;Verb
farmer;Bauer;English;1;0;A1;Noun
exchange rate;Kurs;English;1;0;B1;Noun
at one time;einst;English;1;0;A2;Adverb
one day;einst;English;1;0;A2;Adverb
service;Service;English;1;0;B1;Noun
linguistic;sprachlich;English;1;0;A2;Adjective
so far;bisherig;English;1;0;A2;Adjective
driver;Fahrer;English;1;0;A1;Noun
traditional;traditionell;English;1;0;A2;Adjective
to cry;weinen;English;1;0;A2;Verb
to enjoy;genießen;English;1;0;A2;Verb
duty;Dienst;English;1;0;B1;Noun
camp;Lager;English;1;0;A1;Noun
storeroom;Lager;English;1;0;A2;Noun
gray;grau;English;1;0;A1;Adjective
with the aid of;anhand;English;1;0;A2;Preposition
bus;Bus;English;1;0;A1;Noun
(Swiss) franc;Franken (Fr.);English;1;0;A2;Noun
category;Kategorie;English;1;0;B1;Noun
friendly;freundlich;English;1;0;B2;Adjective
perfect;perfekt;English;1;0;A2;Adjective
rich;reich;English;1;0;A1;Adjective
abundant;reich;English;1;0;B1;Adjective
drive;Fahrt;English;1;0;A1;Noun
vacation;Urlaub;English;1;0;A1;Noun
instrument;Instrument;English;1;0;A2;Noun
distant;fern;English;1;0;B1;Adjective
to hide;verstecken;English;1;0;A2;Verb
fire;Feuer;English;1;0;A1;Noun
to make an effort;bemühen (sich);English;1;0;A2;Verb
understanding;Verständnis;English;1;0;B2;Noun
AfD;AfD (Alternative für Deutschland);English;1;0;A2;Noun
Alternative für Deutschland;AfD (Alternative für Deutschland);English;1;0;A2;Noun
bacterium;Bakterie;English;1;0;A2;Noun
to dip;tauchen;English;1;0;A2;Verb
consequence;Konsequenz;English;1;0;A2;Noun
guilty;schuld;English;1;0;B1;Adjective
guilt;Schuld;English;1;0;B1;Noun
majority;Mehrheit;English;1;0;B1;Noun
regulation;Bestimmung;English;1;0;B1;Noun
purpose;Bestimmung;English;1;0;A2;Noun
fate;Bestimmung;English;1;0;B2;Noun
to avoid;vermeiden;English;1;0;A2;Verb
honest;ehrlich;English;1;0;B1;Adjective
to pay attention;beachten;English;1;0;A2;Verb
statistical;statistisch;English;1;0;A2;Adjective
throat;Hals;English;1;0;B2;Noun
neck;Hals;English;1;0;A1;Noun
to enforce;durchsetzen;English;1;0;A2;Verb
Italian;italienisch;English;1;0;A2;Adjective
shit;Scheiße;English;1;0;A2;Noun
crap;Scheiße;English;1;0;A2;Noun
telephone;Telefon;English;1;0;A1;Noun
autumn;Herbst;English;1;0;A1;Noun
exhibition;Ausstellung;English;1;0;A2;Noun
cellar;Keller;English;1;0;B2;Noun
mayor;Bürgermeister;English;1;0;B1;Noun
along;entlang;English;1;0;A1;Preposition
bottle;Flasche;English;1;0;A1;Noun
wonderful;wunderbar;English;1;0;A1;Adjective
to honor;ehren;English;1;0;A2;Verb
in the end;letztlich;English;1;0;A2;Adverb
surface;Fläche;English;1;0;B1;Noun
to paint;streichen;English;1;0;A2;Verb
to quote;zitieren;English;1;0;A2;Verb
to lower;senken;English;1;0;A2;Verb
to keep;behalten;English;1;0;A2;Verb
to design;gestalten;English;1;0;A2;Verb
to prove;beweisen;English;1;0;A2;Verb
dealing;Umgang;English;1;0;A2;Noun
interaction;Umgang;English;1;0;B1;Noun
to check;überprüfen;English;1;0;A2;Verb
professorship;Lehrstuhl;English;1;0;A2;Noun
chair;Lehrstuhl;English;1;0;A1;Noun
to give (as a present);schenken;English;1;0;A2;Verb
suggestion;Vorschlag;English;1;0;A1;Noun
proposal;Vorschlag;English;1;0;B1;Noun
away;entfernt;English;1;0;A1;Adjective
ladder;Leiter;English;1;0;B1;Noun
parliament;Parlament;English;1;0;B2;Noun
weapon;Waffe;English;1;0;B1;Noun
criterion;Kriterium;English;1;0;A2;Noun
applause;Beifall;English;1;0;B1;Noun
to destroy;zerstören;English;1;0;A2;Verb
to listen;zuhören;English;1;0;A2;Verb
to be canceled;ausfallen;English;1;0;A2;Verb
on the one hand;einerseits;English;1;0;A2;Adverb
suspense;Spannung;English;1;0;A2;Noun
tension;Spannung;English;1;0;B1;Noun
progress;Fortschritt;English;1;0;B1;Noun
mathematics;Mathematik;English;1;0;B1;Noun
bathroom;Bad;English;1;0;A1;Noun
bath;Bad;English;1;0;A1;Noun
spa;Bad;English;1;0;B2;Noun
to pack;packen;English;1;0;A2;Verb
Great Britain;Großbritannien;English;1;0;A2;Noun
cautious;vorsichtig;English;1;0;B1;Adjective
careful;vorsichtig;English;1;0;A1;Adjective
to apply;anwenden;English;1;0;A2;Verb
wild;wild;English;1;0;A2;Adjective
legal;gesetzlich;English;1;0;B1;Adjective
peak;Spitze;English;1;0;B2;Noun
tip;Spitze;English;1;0;A2;Noun
top;Spitze;English;1;0;A1;Noun
peak load;Spitzenlast;English;1;0;A2;Noun
appliance;Gerät;English;1;0;A2;Noun
tool;Gerät;English;1;0;A1;Noun
piece of equipment;Gerät;English;1;0;A2;Noun
will;Wille;English;1;0;A1;Noun
to point;weisen;English;1;0;A2;Verb
tradition;Tradition;English;1;0;A2;Noun
to burn;brennen;English;1;0;A2;Verb
voluntary;freiwillig;English;1;0;A2;Adjective
the (more ... the);umso;English;1;0;A2;Conjunction
empire;Reich;English;1;0;B1;Noun
kingdom;Reich;English;1;0;A2;Noun
to order;bestellen;English;1;0;A2;Verb
opportunity;Gelegenheit;English;1;0;A2;Noun
instead;stattdessen;English;1;0;A2;Adverb
tone;Ton;English;1;0;A2;Noun
sound;Ton;English;1;0;A2;Noun
clay;Ton;English;1;0;A2;Noun
environment;Umwelt;English;1;0;B2;Noun
to smoke;rauchen;English;1;0;A2;Verb
plant;Pflanze;English;1;0;A2;Noun
landscape;Landschaft;English;1;0;A2;Noun
countryside;Landschaft;English;1;0;A2;Noun
workplace;Arbeitsplatz;English;1;0;B1;Noun
component;Komponente;English;1;0;B2;Noun
ion;Ion;English;1;0;A2;Noun
fine;fein;English;1;0;A1;Adjective
star;Stern;English;1;0;A1;Noun
shoe;Schuh;English;1;0;A1;Noun
knee;Knie;English;1;0;A1;Noun
zero;null (0);English;1;0;A2;Number
layer;Schicht;English;1;0;B1;Noun
shift;Schicht;English;1;0;B1;Noun
incredible;unglaublich;English;1;0;B1;Adjective
river;Fluss;English;1;0;A1;Noun
alternative;Alternative;English;1;0;B1;Noun
to obligate;verpflichten;English;1;0;A2;Verb
to greet;begrüßen;English;1;0;A2;Verb
leadership;Führung;English;1;0;B1;Noun
management;Führung;English;1;0;B1;Noun
command;Führung;English;1;0;B1;Noun
lower;untere;English;1;0;B2;Adjective
mobile phone;Handy;English;1;0;A1;Noun
capital city;Hauptstadt;English;1;0;A2;Noun
potential;Potenzial;English;1;0;B1;Noun
publishing company;Verlag;English;1;0;A2;Noun
minister president;Ministerpräsident;English;1;0;A2;Noun
governor;Ministerpräsident;English;1;0;B1;Noun
bird;Vogel;English;1;0;A1;Noun
to restrict;beschränken;English;1;0;A2;Verb
sector;Branche;English;1;0;B2;Noun
actor;Schauspieler;English;1;0;A1;Noun
to suggest;vorschlagen;English;1;0;A2;Verb
annual;jährlich;English;1;0;B1;Adjective
daily routine;Alltag;English;1;0;A2;Noun
turnover;Umsatz;English;1;0;A2;Noun
bandage;Verband;English;1;0;B1;Noun
to take part;teilnehmen;English;1;0;A2;Verb
to outweigh;überwiegen;English;1;0;A2;Verb
to cause;bedingen;English;1;0;A2;Verb
to come toward;zukommen;English;1;0;A2;Verb
expire;ablaufen;English;1;0;A2;Verb
minister;Minister;English;1;0;B2;Noun
vehicle;Fahrzeug;English;1;0;B1;Noun
to flow;fließen;English;1;0;A2;Verb
accusation;Vorwurf;English;1;0;B2;Noun
required;erforderlich;English;1;0;A2;Adjective
posture;Haltung;English;1;0;A2;Noun
writer;Schriftsteller;English;1;0;A1;Noun
mood;Stimmung;English;1;0;A2;Noun
accidental;zufällig;English;1;0;B1;Adjective
to limit;begrenzen;English;1;0;A2;Verb
song;Lied;English;1;0;A1;Noun
nation;Nation;English;1;0;A2;Noun
negotiation;Verhandlung;English;1;0;B1;Noun
wine;Wein;English;1;0;A2;Noun
edition;Auflage;English;1;0;B1;Noun
thin;dünn;English;1;0;A1;Adjective
supplier;Anbieter;English;1;0;B2;Noun
industry;Industrie;English;1;0;B1;Noun
Spain;Spanien;English;1;0;A2;Noun
off;ab;English;1;0;A1;Adverb
Jew;Jude;English;1;0;A2;Noun
procedure;Vorgang;English;1;0;B2;Noun
to spend;ausgeben;English;1;0;A2;Verb
master;Meister;English;1;0;B2;Noun
to turn over;umdrehen;English;1;0;A2;Verb
extensive;weitgehend;English;1;0;B2;Adjective
sad;traurig;English;1;0;A1;Adjective
attention;Aufmerksamkeit;English;1;0;A2;Noun
calculation;Berechnung;English;1;0;B1;Noun
mutual;gegenseitig;English;1;0;B1;Adjective
at short notice;kurzfristig;English;1;0;A2;Adjective
judgment;Urteil;English;1;0;B1;Noun
primary;primär;English;1;0;B2;Adjective
snow;Schnee;English;1;0;A1;Noun
England;England;English;1;0;A2;Noun
to translate;übersetzen;English;1;0;A2;Verb
urgent;dringend;English;1;0;B1;Adjective
muscle;Muskel;English;1;0;B1;Noun
test;Test;English;1;0;A1;Noun
south;Süden;English;1;0;A2;Noun
initiative;Initiative;English;1;0;B2;Noun
airplane;Flugzeug;English;1;0;A1;Noun
DNA;DNA;English;1;0;B2;Noun
liquid;Flüssigkeit;English;1;0;B1;Noun
birthday;Geburtstag;English;1;0;A1;Noun
dress;Kleid;English;1;0;A1;Noun
in time;zeitlich;English;1;0;A2;Adjective
ball;Ball;English;1;0;A1;Noun
chest;Brust;English;1;0;A2;Noun
electronic;elektronisch;English;1;0;B1;Adjective
to say goodbye;verabschieden;English;1;0;A2;Verb
detail;Detail;English;1;0;A2;Noun
democratic;demokratisch;English;1;0;B1;Adjective
variable;Variable;English;1;0;A2;Noun
meat;Fleisch;English;1;0;A1;Noun
list;Liste;English;1;0;A1;Noun
to dream;träumen;English;1;0;A2;Verb
ah;ah;English;1;0;A2;Particle
third;Drittel;English;1;0;A2;Noun
final;endgültig;English;1;0;A2;Adjective
eternal;ewig;English;1;0;B1;Adjective
perspective;Perspektive;English;1;0;B2;Noun
restaurant;Restaurant;English;1;0;A1;Noun
to hike;wandern;English;1;0;A2;Verb
bag;Tasche;English;1;0;A1;Noun
to orient;orientieren;English;1;0;A2;Verb
argument;Streit;English;1;0;A2;Noun
thrilling;spannend;English;1;0;B2;Adjective
roof;Dach;English;1;0;A2;Noun
career;Karriere;English;1;0;B1;Noun
insofar;insofern;English;1;0;A2;Adverb
cigarette;Zigarette;English;1;0;A2;Noun
colorful;bunt;English;1;0;A2;Adjective
trap;Falle;English;1;0;A2;Noun
to spread;verbreiten;English;1;0;A2;Verb
each other;einander;English;1;0;A1;Adverb
classes;Unterricht;English;1;0;A2;Noun
need;Bedürfnis;English;1;0;A1;Noun
aunt;Tante;English;1;0;A1;Noun
exam;Prüfung;English;1;0;A2;Noun
strange;seltsam;English;1;0;A1;Adjective
gene;Gen;English;1;0;B1;Noun
to hire;engagieren;English;1;0;A2;Verb
uncle;Onkel;English;1;0;A1;Noun
as far as;soweit;English;1;0;A2;Adverb
powerful;mächtig;English;1;0;A2;Adjective
of all times;ausgerechnet;English;1;0;A2;Adverb
twice;zweimal;English;1;0;A2;Adverb
disturbance;Störung;English;1;0;B1;Noun
campaign;Aktion;English;1;0;B2;Noun
years (old);-jährig;English;1;0;A2;Adjective
artificial;künstlich;English;1;0;A2;Adjective
to care;pflegen;English;1;0;A2;Verb
issue;Ausgabe;English;1;0;A2;Noun
online;online;English;1;0;A2;Adverb
to derive;ableiten;English;1;0;A2;Verb
etc.;etc.;English;1;0;A2;Adverb
facility;Anlage;English;1;0;B1;Noun
to expand;erweitern;English;1;0;A2;Verb
health;Gesundheit;English;1;0;A1;Noun
candidate;Kandidat;English;1;0;B2;Noun
to profit;profitieren;English;1;0;A2;Verb
bill;Rechnung;English;1;0;A2;Noun
transition;Übergang;English;1;0;B2;Noun
to summarize;zusammenfassen;English;1;0;A2;Verb
to impress;beeindrucken;English;1;0;A2;Verb
to take (up/in);einnehmen;English;1;0;A2;Verb
hole;Loch;English;1;0;A1;Noun
to swim;schwimmen;English;1;0;A2;Verb
expectation;Erwartung;English;1;0;B2;Noun
evidence;Beweis;English;1;0;A2;Noun
world war;Weltkrieg;English;1;0;A2;Noun
complicated;kompliziert;English;1;0;B1;Adjective
forehead;Stirn;English;1;0;B1;Noun
treatment;Behandlung;English;1;0;B1;Noun
tooth;Zahn;English;1;0;A1;Noun
popular;beliebt;English;1;0;A2;Adjective
ice;Eis;English;1;0;A1;Noun
funny;komisch;English;1;0;A1;Adjective
western;westlich;English;1;0;B2;Adjective
intellectual;geistig;English;1;0;B2;Adjective
length;Länge;English;1;0;B1;Noun
impossible;unmöglich;English;1;0;A2;Adjective
optimum;optimal;English;1;0;A2;Adjective
weather;Wetter;English;1;0;A1;Noun
to add;ergänzen;English;1;0;A2;Verb
from each other;voneinander;English;1;0;A2;Adverb
to select;auswählen;English;1;0;A2;Verb
to question;befragen;English;1;0;A2;Verb
lawyer;Anwalt;English;1;0;A2;Noun
behind it;dahinter;English;1;0;A2;Pronoun
irony;Ironie;English;1;0;A2;Noun
inc.;AG (Aktiengesellschaft);English;1;0;A2;Noun
to train;ausbilden;English;1;0;A2;Verb
empirical;empirisch;English;1;0;A2;Adjective
combination;Kombination;English;1;0;B1;Noun
investigation;Ermittlung;English;1;0;B1;Noun
poem;Gedicht;English;1;0;A1;Noun
chat;unterhalten (sich);English;1;0;A2;Verb
implementation;Umsetzung;English;1;0;A2;Noun
commitment;Engagement;English;1;0;A2;Noun
to frighten;erschrecken;English;1;0;A2;Verb
to acquire;erwerben;English;1;0;A2;Verb
nature (of sth);Wesen;English;1;0;A2;Noun
parallel;parallel;English;1;0;A2;Adjective
while doing this;hierbei;English;1;0;A2;Adverb
castle;Schloss;English;1;0;A2;Noun
to steer;steuern;English;1;0;A2;Verb
miracle;Wunder;English;1;0;B1;Noun
chairperson;Vorsitzende;English;1;0;A2;Noun
to give away;verraten;English;1;0;A2;Verb
automatic;automatisch;English;1;0;A2;Adjective
physics;Physik;English;1;0;B1;Noun
Spanish;spanisch;English;1;0;A2;Adjective
participant;Teilnehmer;English;1;0;B1;Noun
to intend;vorhaben;English;1;0;A2;Verb
aha;aha;English;1;0;A2;Particle
mail;Post;English;1;0;A1;Noun
soul;Seele;English;1;0;B1;Noun
to practice;üben;English;1;0;A2;Verb
August;August;English;1;0;A1;Noun
bone;Knochen;English;1;0;A1;Noun
noise;Geräusch;English;1;0;A1;Noun
present;Gegenwart;English;1;0;A1;Noun
amino acid;Aminosäure;English;1;0;A2;Noun
marketing;Marketing;English;1;0;B2;Noun
phenomenon;Phänomen;English;1;0;B1;Noun
bridge;Brücke;English;1;0;A1;Noun
next to it;daneben;English;1;0;A2;Pronoun
weight;Gewicht;English;1;0;A2;Noun
to calm;beruhigen;English;1;0;A2;Verb
crazy;verrückt;English;1;0;A2;Adjective
to provide;versorgen;English;1;0;A2;Verb
to load;laden;English;1;0;A2;Verb
launch;Start;English;1;0;B1;Noun
to dare;wagen;English;1;0;A2;Verb
female;weiblich;English;1;0;A2;Adjective
stairs;Treppe;English;1;0;A2;Noun
blanket;Decke;English;1;0;A2;Noun
attitude;Einstellung;English;1;0;A2;Noun
to marry;heiraten;English;1;0;A2;Verb
by means of;mittels;English;1;0;A2;Preposition
accident;Unfall;English;1;0;A2;Noun
rain;Regen;English;1;0;A1;Noun
to apologize;entschuldigen;English;1;0;A2;Verb
fish;Fisch;English;1;0;A1;Noun
medicine;Medizin;English;1;0;A1;Noun
to rise;aufgehen;English;1;0;A2;Verb
video;Video;English;1;0;A1;Noun
to approach;zugehen;English;1;0;A2;Verb
beach;Strand;English;1;0;A1;Noun
to assess;bewerten;English;1;0;A2;Verb
regarding;bezüglich;English;1;0;B1;Preposition
to inspire;begeistern;English;1;0;A2;Verb
load;Ladung;English;1;0;A2;Noun
extremely;äußerst;English;1;0;A2;Adverb
poet;Dichter;English;1;0;B1;Noun
religion;Religion;English;1;0;B1;Noun
religious;religiös;English;1;0;B1;Adjective
naked;nackt;English;1;0;B1;Adjective
goods;Ware;English;1;0;B1;Noun
professional;beruflich;English;1;0;A2;Adjective
local;lokal;English;1;0;A2;Adjective
standard;Standard;English;1;0;B1;Noun
chancellor;Kanzler;English;1;0;B2;Noun
to dissolve;auflösen;English;1;0;A2;Verb
upset;aufregen;English;1;0;A2;Verb
dependence;Abhängigkeit;English;1;0;A2;Noun
furnishings;Einrichtung;English;1;0;A2;Noun
postpone;verschieben;English;1;0;B2;Verb
to make easier;erleichtern;English;1;0;A2;Verb
institution;Institution;English;1;0;B2;Noun
dimension;Dimension;English;1;0;B2;Noun
egg;Ei;English;1;0;A1;Noun
tired;müde;English;1;0;A1;Adjective
to save;sparen;English;1;0;B1;Verb
Viennese;Wiener;English;1;0;B1;Adjective
dumb;blöd;English;1;0;B2;Adjective
sociology;Soziologie;English;1;0;B1;Noun
Afghanistan;Afghanistan;English;1;0;B1;Noun
escape;Flucht;English;1;0;A2;Noun
to foresee;absehen;English;1;0;B1;Verb
Africa;Afrika;English;1;0;B1;Noun
regional;regional;English;1;0;B1;Adjective
strategic;strategisch;English;1;0;B1;Adjective
translation;Übersetzung;English;1;0;B2;Noun
to touch;berühren;English;1;0;B1;Verb
cinema;Kino;English;1;0;A1;Noun
duration;Dauer;English;1;0;B1;Noun
work (out);klappen;English;1;0;B1;Verb
Poland;Polen;English;1;0;B1;Noun
golden;golden;English;1;0;A2;Adjective
to resolve;klären;English;1;0;B1;Verb
(railway) station;Bahnhof;English;1;0;B1;Noun
evaluation;Bewertung;English;1;0;B2;Noun
measurement;Messung;English;1;0;B1;Noun
relevant;relevant;English;1;0;B2;Adjective
Israel;Israel;English;1;0;B1;Noun
lip;Lippe;English;1;0;A2;Noun
Federal Republic (of Germany);BRD (Bundesrepublik Deutschland);English;1;0;B1;Noun
character;Charakter;English;1;0;A1;Noun
lesson;Lehre;English;1;0;A1;Noun
injury;Verletzung;English;1;0;B1;Noun
CSU;CSU (Christlich-Soziale Union);English;1;0;B1;Noun
director;Direktor;English;1;0;A2;Noun
to disappoint;enttäuschen;English;1;0;B1;Verb
to catch;fangen;English;1;0;B1;Verb
tear;Träne;English;1;0;A2;Noun
at that time;damalig;English;1;0;B1;Adjective
thirty;dreißig;English;1;0;A1;Number
mathematical;mathematisch;English;1;0;B2;Adjective
to realize;realisieren;English;1;0;B1;Verb
to furnish;einrichten;English;1;0;B1;Verb
buyer;Käufer;English;1;0;B1;Noun
perpetrator;Täter;English;1;0;B1;Noun
to free;befreien;English;1;0;B1;Verb
to arrange;ordnen;English;1;0;B1;Verb
to defend;verteidigen;English;1;0;B1;Verb
occasion;Anlass;English;1;0;B1;Noun
mainly;hauptsächlich;English;1;0;A2;Adjective
manufacturer;Hersteller;English;1;0;B2;Noun
normally;normalerweise;English;1;0;B1;Adverb
motive;Motiv;English;1;0;B1;Noun
selection;Auswahl;English;1;0;B1;Noun
to mark;markieren;English;1;0;B1;Verb
status;Rang;English;1;0;B1;Noun
nearly;nahezu;English;1;0;A2;Adverb
script;Schrift;English;1;0;A2;Noun
syllable;Silbe;English;1;0;B2;Noun
rise;Anstieg;English;1;0;B1;Noun
curve;Kurve;English;1;0;B1;Noun
to integrate;integrieren;English;1;0;B1;Verb
saga;Saga;English;1;0;B1;Noun
to sign up;anmelden;English;1;0;B1;Verb
fair;gerecht;English;1;0;A1;Adjective
endless;unendlich;English;1;0;B1;Adjective
Bundestag;Bundestag;English;1;0;B1;Noun
literary;literarisch;English;1;0;B1;Adjective
consciousness;Bewusstsein;English;1;0;B2;Noun
foundation;Stiftung;English;1;0;B1;Noun
increase;Erhöhung;English;1;0;A2;Noun
Ltd;GmbH;English;1;0;B1;Noun
unusual;ungewöhnlich;English;1;0;A2;Adjective
festival;Fest;English;1;0;A1;Noun
male;männlich;English;1;0;A2;Adjective
to go ahead;vorgehen;English;1;0;B1;Verb
unemployment;Arbeitslosigkeit;English;1;0;B1;Noun
bread;Brot;English;1;0;A1;Noun
birth;Geburt;English;1;0;A1;Noun
hunger;Hunger;English;1;0;B1;Noun
Jewish;jüdisch;English;1;0;B1;Adjective
overly;allzu;English;1;0;B2;Adverb
count;Graf;English;1;0;A2;Noun
India;Indien;English;1;0;B1;Noun
to be worth it;lohnen (sich);English;1;0;B1;Verb
optical;optisch;English;1;0;B1;Adjective
military;militärisch;English;1;0;A2;Adjective
effort;Mühe;English;1;0;A2;Noun
to interrupt;unterbrechen;English;1;0;B1;Verb
basic;grundlegend;English;1;0;A2;Adjective
boat;Boot;English;1;0;A1;Noun
dozen;Dutzend;English;1;0;B1;Noun
to withdraw;zurückziehen;English;1;0;B1;Verb
to knock;klopfen;English;1;0;B1;Verb
cloud;Wolke;English;1;0;A1;Noun
youth;Jugend;English;1;0;A2;Noun
to be surprised;wundern (sich);English;1;0;B1;Verb
interpretation;Interpretation;English;1;0;B2;Noun
liver;Leber;English;1;0;B1;Noun
to pick up;aufheben;English;1;0;B1;Verb
strain;Belastung;English;1;0;B1;Noun
holy;heilig;English;1;0;B1;Adjective
extent;Umfang;English;1;0;B1;Noun
observation;Beobachtung;English;1;0;B1;Noun
to invent;erfinden;English;1;0;B1;Verb
traffic;Verkehr;English;1;0;A2;Noun
to cut;schneiden;English;1;0;B1;Verb
purchase;Kauf;English;1;0;B2;Noun
oil;Öl;English;1;0;A2;Noun
to come out;herauskommen;English;1;0;B1;Verb
bicycle;Fahrrad;English;1;0;A1;Noun
coordination;Koordination;English;1;0;B1;Noun
park;Park;English;1;0;A1;Noun
to result;resultieren;English;1;0;B1;Verb
to taste;schmecken;English;1;0;B1;Verb
to stare;starren;English;1;0;B1;Verb
to miss;verpassen;English;1;0;B1;Verb
to accuse;vorwerfen;English;1;0;B1;Verb
belly;Bauch;English;1;0;A2;Noun
sale;Verkauf;English;1;0;A1;Noun
preparation;Vorbereitung;English;1;0;B1;Noun
to stir;rühren;English;1;0;B1;Verb
trend;Trend;English;1;0;B1;Noun
to activate;aktivieren;English;1;0;B1;Verb
mechanism;Mechanismus;English;1;0;B1;Noun
benefit;Nutzen;English;1;0;B1;Noun
pants;Hose;English;1;0;A1;Noun
to position;ansetzen;English;1;0;B1;Verb
Arabian;arabisch;English;1;0;B1;Adjective
Arabic;Arabisch;English;1;0;B1;Noun
to mix;mischen;English;1;0;B1;Verb
to be based;beruhen;English;1;0;B1;Verb
Japan;Japan;English;1;0;B1;Noun
city center;City;English;1;0;B1;Noun
membrane;Membran;English;1;0;B1;Noun
metal;Metall;English;1;0;A2;Noun
systematic;systematisch;English;1;0;B1;Adjective
separation;Trennung;English;1;0;B1;Noun
e-mail;E-Mail;English;1;0;A1;Noun
manager;Manager;English;1;0;A2;Noun
grandma;Oma;English;1;0;A1;Noun
survey;Umfrage;English;1;0;A1;Noun
sample;Probe;English;1;0;A2;Noun
courage;Mut;English;1;0;B1;Noun
sustainable;nachhaltig;English;1;0;B1;Adjective
to prefer;bevorzugen;English;1;0;B1;Verb
concerning this;hierzu;English;1;0;B1;Adverb
fisherman;Fischer;English;1;0;A2;Noun
call;Ruf;English;1;0;A1;Noun
encounter;Begegnung;English;1;0;B1;Noun
blow;Schlag;English;1;0;A1;Noun
brand;Marke;English;1;0;A2;Noun
to attack;angreifen;English;1;0;B1;Verb
to finance;finanzieren;English;1;0;B1;Verb
respect;Hinsicht;English;1;0;B1;Noun
key;Schlüssel;English;1;0;A1;Noun
slippery;glatt;English;1;0;B1;Adjective
terrible;schrecklich;English;1;0;A1;Adjective
clinic;Klinik;English;1;0;B1;Noun
significant;bedeutend;English;1;0;A2;Adjective
organ;Organ;English;1;0;B1;Noun
army;Armee;English;1;0;B1;Noun
nerve;Nerv;English;1;0;B2;Noun
defeat;Niederlage;English;1;0;B1;Noun
appointment;Termin;English;1;0;A2;Noun
synthesis;Synthese;English;1;0;B1;Noun
drama;Drama;English;1;0;A1;Noun
consumption;Konsum;English;1;0;B1;Noun
tiny;winzig;English;1;0;B1;Adjective
flight;Flug;English;1;0;A2;Noun
wood;Holz;English;1;0;A2;Noun
artistic;künstlerisch;English;1;0;B1;Adjective
funding;Förderung;English;1;0;B1;Noun
impulse;Impuls;English;1;0;B2;Noun
planning;Planung;English;1;0;B2;Noun
to pretend;vorgeben;English;1;0;B1;Verb
joke;Witz;English;1;0;A2;Noun
attentive;aufmerksam;English;1;0;B2;Adjective
lack;Mangel;English;1;0;A2;Noun
analog;analog;English;1;0;B1;Adjective
with regard to;hinsichtlich;English;1;0;B1;Preposition
cat;Katze;English;1;0;A1;Noun
outer;äußere;English;1;0;B1;Adjective
hall;Halle;English;1;0;A1;Noun
frequency;Häufigkeit;English;1;0;B1;Noun
capital;Kapital;English;1;0;A2;Noun
revolution;Revolution;English;1;0;B2;Noun
to assign;zuordnen;English;1;0;B1;Verb
skip;aussetzen;English;1;0;B2;Verb
wage;Lohn;English;1;0;B2;Noun
assets;Vermögen;English;1;0;B1;Noun
administration;Verwaltung;English;1;0;B1;Noun
carbon dioxide;Kohlenstoffdioxid;English;1;0;B2;Noun
neat;ordentlich;English;1;0;B2;Adjective
federal chancellor;Bundeskanzler;English;1;0;B1;Noun
advice;Rat;English;1;0;A2;Noun
resident;Bewohner;English;1;0;B1;Noun
variant;Variante;English;1;0;B1;Noun
ring;Ring;English;1;0;A1;Noun
Commercial Code;HGB (Handelsgesetzbuch);English;1;0;B1;Noun
to condemn;verurteilen;English;1;0;B1;Verb
previous year;Vorjahr;English;1;0;B1;Noun
targeted;gezielt;English;1;0;B1;Adjective
municipality;Kommune;English;1;0;B1;Noun
murder;Mord;English;1;0;A2;Noun
external;extern;English;1;0;B2;Adjective
stupid;dumm;English;1;0;B1;Adjective
to reply;erwidern;English;1;0;B1;Verb
identity;Identität;English;1;0;B1;Noun
vessel;Gefäß;English;1;0;B1;Noun
to breathe;atmen;English;1;0;B1;Verb
milk;Milch;English;1;0;A1;Noun
depth;Tiefe;English;1;0;B1;Noun
to undertake;unternehmen;English;1;0;B1;Verb
moral;moralisch;English;1;0;B1;Adjective
millimeter;Millimeter;English;1;0;B2;Noun
FDP;FDP (Freie Demokratische Partei);English;1;0;B1;Noun
consumer;Konsument;English;1;0;B1;Noun
reform;Reform;English;1;0;B2;Noun
judge;Richter;English;1;0;A1;Noun
to transform;verwandeln;English;1;0;B1;Verb
to quarrel;streiten;English;1;0;B1;Verb
to dedicate;widmen;English;1;0;B1;Verb
to analyze;analysieren;English;1;0;B1;Verb
summit;Gipfel;English;1;0;B1;Noun
disadvantage;Nachteil;English;1;0;A2;Noun
versus;versus;English;1;0;B2;Adverb
familiar;vertraut;English;1;0;A2;Adjective
baby;Baby;English;1;0;A1;Noun
meeting;Sitzung;English;1;0;A1;Noun
athletic;sportlich;English;1;0;B1;Adjective
warmth;Wärme;English;1;0;B1;Noun
entrepreneur;Unternehmer;English;1;0;B2;Noun
investor;Investor;English;1;0;B2;Noun
written;schriftlich;English;1;0;B1;Adjective
genetic;genetisch;English;1;0;B1;Adjective
inhabitant;Einwohner;English;1;0;B1;Noun
to test;testen;English;1;0;B1;Verb
lively;lebendig;English;1;0;A2;Adjective
to wash;waschen;English;1;0;B1;Verb
hormone;Hormon;English;1;0;B1;Noun
food;Lebensmittel;English;1;0;A1;Noun
to burden;belasten;English;1;0;B1;Verb
brown;braun;English;1;0;A1;Adjective
marriage;Ehe;English;1;0;B1;Noun
passenger;Passagier;English;1;0;A2;Noun
childhood;Kindheit;English;1;0;A2;Noun
Hungary;Ungarn;English;1;0;B1;Noun
variety;Vielfalt;English;1;0;B1;Noun
apology;Entschuldigung;English;1;0;B1;Noun
to whisper;flüstern;English;1;0;B1;Verb
downright;geradezu;English;1;0;B1;Adverb
coalition;Koalition;English;1;0;B2;Noun
blend;Mischung;English;1;0;B1;Noun
existence;Existenz;English;1;0;B1;Noun
smell;Geruch;English;1;0;A1;Noun
to come here;herkommen;English;1;0;B1;Verb
headquarters;Sitz;English;1;0;B2;Noun
suspect;ahnen;English;1;0;B1;Verb
perception;Wahrnehmung;English;1;0;B2;Noun
league;Liga;English;1;0;B1;Noun
sleep;Schlaf;English;1;0;A1;Noun
chain;Kette;English;1;0;A2;Noun
acid;Säure;English;1;0;B2;Noun
penalty;Strafe;English;1;0;B2;Noun
Frenchman;Franzose;English;1;0;B1;Noun
concert;Konzert;English;1;0;A1;Noun
transportation;Transport;English;1;0;B1;Noun
to dismantle;abbauen;English;1;0;B1;Verb
to stimulate;anregen;English;1;0;B1;Verb
to grow up;aufwachsen;English;1;0;B1;Verb
Iceland;Island;English;1;0;B1;Noun
cross;Kreuz;English;1;0;A2;Noun
engine;Motor;English;1;0;B1;Noun
broadcast;Sendung;English;1;0;B1;Noun
at most;höchstens;English;1;0;B1;Adverb
dry;trocken;English;1;0;A1;Adjective
Ukraine;Ukraine;English;1;0;B1;Noun
library;Bibliothek;English;1;0;A1;Noun
ibidem;ebenda;English;1;0;B1;Adverb
hopefully;hoffentlich;English;1;0;B1;Adverb
adult;Erwachsene;English;1;0;A2;Noun
world championship;WM (Weltmeisterschaft);English;1;0;B1;Noun
to attribute;zurückführen;English;1;0;B1;Verb
GDP;Bruttoinlandsprodukt;English;1;0;B1;Noun
peaceful;friedlich;English;1;0;A2;Adjective
salesman;Verkäufer;English;1;0;B1;Noun
matrix;Matrix;English;1;0;B1;Noun
organism;Organismus;English;1;0;B1;Noun
resource;Ressource;English;1;0;B1;Noun
role model;Vorbild;English;1;0;B1;Noun
insane;wahnsinnig;English;1;0;B1;Adjective
astonishing;erstaunlich;English;1;0;B2;Adjective
to grin;grinsen;English;1;0;B1;Verb
suitcase;Koffer;English;1;0;A2;Noun
emotional;emotional;English;1;0;B1;Adjective
to draw up;erstellen;English;1;0;B1;Verb
fifty;fünfzig;English;1;0;A1;Number
wheel;Rad;English;1;0;A1;Noun
focus;Schwerpunkt;English;1;0;A1;Noun
conviction;Überzeugung;English;1;0;B1;Noun
derivation;Ableitung;English;1;0;B1;Noun
to get off;aussteigen;English;1;0;B1;Verb
chromosome;Chromosom;English;1;0;B1;Noun
comparable;vergleichbar;English;1;0;B1;Adjective
to listen to;anhören;English;1;0;B1;Verb
barrel;Tonne;English;1;0;B1;Noun
to lend;verleihen;English;1;0;B1;Verb
worker;Arbeiter;English;1;0;A1;Noun
board;Bord;English;1;0;A1;Noun
to relax;entspannen;English;1;0;B1;Verb
recently;kürzlich;English;1;0;A2;Adverb
to advise;raten;English;1;0;B1;Verb
cut;Schnitt;English;1;0;A1;Noun
valuable;wertvoll;English;1;0;B1;Adjective
narrator;Erzähler;English;1;0;B2;Noun
gold;Gold;English;1;0;A1;Noun
disputed;umstritten;English;1;0;B1;Adjective
to rise (up);aufsteigen;English;1;0;B1;Verb
biological;biologisch;English;1;0;B2;Adjective
effective;wirksam;English;1;0;B1;Adjective
to identify;identifizieren;English;1;0;B1;Verb
mean;Mittelwert;English;1;0;A1;Noun
style;Stil;English;1;0;A2;Noun
atmosphere;Atmosphäre;English;1;0;B1;Noun
indirect;indirekt;English;1;0;B1;Adjective
period of time;Zeitraum;English;1;0;B1;Noun
to come up;aufkommen;English;1;0;B1;Verb
vibration;Schwingung;English;1;0;B2;Noun
vector;Vektor;English;1;0;B1;Noun
oxygen;Sauerstoff;English;1;0;B1;Noun
comment;Äußerung;English;1;0;B1;Noun
to move out;ausziehen;English;1;0;B1;Verb
trade union;Gewerkschaft;English;1;0;B1;Noun
tourism;Tourismus;English;1;0;B1;Noun
to transport;transportieren;English;1;0;B1;Verb
native;einheimisch;English;1;0;A2;Adjective
angle;Winkel;English;1;0;B1;Noun
sour;sauer;English;1;0;B1;Adjective
gender;Geschlecht;English;1;0;A2;Noun
attractive;attraktiv;English;1;0;A2;Adjective
business administration;Betriebswirtschaftslehre;English;1;0;B1;Noun
hero;Held;English;1;0;A2;Noun
sixty;sechzig;English;1;0;A1;Number
base;Base;English;1;0;A2;Noun
balance (sheet);Bilanz;English;1;0;B1;Noun
secret;Geheimnis;English;1;0;A2;Noun
at the latest;spätestens;English;1;0;B1;Adverb
dramatic;dramatisch;English;1;0;B1;Adjective
honor;Ehre;English;1;0;A2;Noun
to get used to;gewöhnen;English;1;0;B1;Verb
to go (there);hingehen;English;1;0;B1;Verb
to shiver;zittern;English;1;0;B1;Verb
dialogue;Dialog;English;1;0;B1;Noun
shot;Schuss;English;1;0;A2;Noun
seminar;Seminar;English;1;0;B2;Noun
advertising;Werbung;English;1;0;A2;Noun
flower;Blume;English;1;0;A1;Noun
desk;Schreibtisch;English;1;0;A1;Noun
to fall in love;verlieben (sich);English;1;0;B1;Verb
to wave;winken;English;1;0;B1;Verb
to flee;fliehen;English;1;0;B1;Verb
to interpret;interpretieren;English;1;0;B1;Verb
Olympic;olympisch;English;1;0;A2;Adjective
damned;verdammt;English;1;0;B1;Adjective
illegal;illegal;English;1;0;A2;Adjective
sand;Sand;English;1;0;B1;Noun
parliamentary party;Fraktion;English;1;0;B1;Noun
shareholder;Gesellschafter;English;1;0;B1;Noun
Sweden;Schweden;English;1;0;B1;Noun
improvement;Verbesserung;English;1;0;B1;Noun
on what;worauf;English;1;0;B1;Pronoun
lonely;einsam;English;1;0;A1;Adjective
innovation;Innovation;English;1;0;B2;Noun
agriculture;Landwirtschaft;English;1;0;B1;Noun
therapy;Therapie;English;1;0;B2;Noun
to line up;anstehen;English;1;0;B1;Verb
remark;Bemerkung;English;1;0;B1;Noun
Frankfurt;Frankfurter;English;1;0;B1;Adjective
identical;identisch;English;1;0;B2;Adjective
to roll;rollen;English;1;0;B1;Verb
café;Café;English;1;0;B1;Noun
lasting;dauerhaft;English;1;0;B1;Adjective
to guarantee;garantieren;English;1;0;B1;Verb
spatial;räumlich;English;1;0;B1;Adjective
many years;jahrelang;English;1;0;B1;Adjective
to endanger;gefährden;English;1;0;B1;Verb
spectrum;Spektrum;English;1;0;B1;Noun
to award;vergeben;English;1;0;B1;Verb
weaver;Weber;English;1;0;B1;Noun
entrance;Eingang;English;1;0;A2;Noun
heritage;Erbe;English;1;0;B2;Noun
heir;Erbe;English;1;0;B1;Noun
Islamic;islamisch;English;1;0;B1;Adjective
radical;radikal;English;1;0;B2;Adjective
expansion;Ausbau;English;1;0;B2;Noun
canal;Kanal;English;1;0;B1;Noun
to negotiate;verhandeln;English;1;0;B1;Verb
branch;Ast;English;1;0;A2;Noun
to be defeated;unterliegen;English;1;0;B1;Verb
voter;Wähler;English;1;0;B2;Noun
welcome;willkommen;English;1;0;A1;Adjective
occasional;gelegentlich;English;1;0;B1;Adjective
prison;Gefängnis;English;1;0;B1;Noun
surprise;Überraschung;English;1;0;A1;Noun
root;Wurzel;English;1;0;A2;Noun
formal;formell;English;1;0;B1;Adjective
gentle;sanft;English;1;0;A2;Adjective
to bear;aushalten;English;1;0;B1;Verb
by no means;keineswegs;English;1;0;B1;Adverb
clever;klug;English;1;0;A1;Adjective
to bend;beugen;English;1;0;B1;Verb
to bring in;einbringen;English;1;0;B1;Verb
matter;Materie;English;1;0;A1;Noun
staff;Personal;English;1;0;A2;Noun
to teach;lehren;English;1;0;B1;Verb
to overcome;überwinden;English;1;0;B1;Verb
unclear;unklar;English;1;0;B1;Adjective
what for;wozu;English;1;0;B1;Pronoun
appropriate;angemessen;English;1;0;A2;Adjective
labor market;Arbeitsmarkt;English;1;0;B1;Noun
passport;Pass;English;1;0;B1;Noun
to advertise;werben;English;1;0;B1;Verb
loan;Kredit;English;1;0;B2;Noun
living room;Wohnzimmer;English;1;0;A1;Noun
competence;Kompetenz;English;1;0;B2;Noun
sugar;Zucker;English;1;0;A1;Noun
exchange;Austausch;English;1;0;A2;Noun
be just like;gleichen;English;1;0;B1;Verb
station;Station;English;1;0;A1;Noun
emperor;Kaiser;English;1;0;B1;Noun
to block;sperren;English;1;0;B1;Verb
athlete;Sportler;English;1;0;A2;Noun
symbol;Symbol;English;1;0;A2;Noun
continuous;kontinuierlich;English;1;0;B1;Adjective
radio;Radio;English;1;0;A1;Noun
Munich;Münchner;English;1;0;B1;Adjective
musician;Musiker;English;1;0;A1;Noun
to wake sb up;wecken;English;1;0;B1;Verb
return;Rückkehr;English;1;0;A2;Noun
bar;Bar;English;1;0;A1;Noun
contemplation;Betrachtung;English;1;0;B1;Noun
commission;Kommission;English;1;0;B2;Noun
furious;wütend;English;1;0;B2;Adjective
Christian;christlich;English;1;0;B1;Adjective
Hamburg;Hamburger;English;1;0;B1;Adjective
hamburger;Hamburger;English;1;0;A1;Noun
corpse;Leiche;English;1;0;B1;Noun
to defend oneself;wehren (sich);English;1;0;B1;Verb
reduction;Abbau;English;1;0;B1;Noun
prosecution;Staatsanwaltschaft;English;1;0;B1;Noun
spare time;Freizeit;English;1;0;B1;Noun
gift;Geschenk;English;1;0;A1;Noun
Muslim;Moslem;English;1;0;B1;Noun
spontaneous;spontan;English;1;0;B1;Adjective
breakfast;Frühstück;English;1;0;A1;Noun
center of attention;Mittelpunkt;English;1;0;B1;Noun
origin;Entstehung;English;1;0;B1;Noun
conservative;konservativ;English;1;0;B1;Adjective
stomach;Magen;English;1;0;A2;Noun
psychological;psychisch;English;1;0;B1;Adjective
salt;Salz;English;1;0;A2;Noun
seventy;siebzig;English;1;0;A1;Number
to insure;versichern;English;1;0;B1;Verb
Brit;Brite;English;1;0;B1;Noun
recognizable;erkennbar;English;1;0;B1;Adjective
called;namens;English;1;0;B1;Adverb
axle;Achse;English;1;0;B1;Noun
to ring;klingeln;English;1;0;B1;Verb
tea;Tee;English;1;0;A1;Noun
witness;Zeuge;English;1;0;B1;Noun
critic;Kritiker;English;1;0;B1;Noun
valley;Tal;English;1;0;A2;Noun
diet;Ernährung;English;1;0;A2;Noun
coast;Küste;English;1;0;A2;Noun
to come (with sb);mitkommen;English;1;0;B1;Verb
republic;Republik;English;1;0;B1;Noun
to shrug;zucken;English;1;0;B1;Verb
to exchange;austauschen;English;1;0;B1;Verb
to accelerate;beschleunigen;English;1;0;B1;Verb
norm;Norm;English;1;0;B1;Noun
set;decken;English;1;0;A1;Verb
rude;grob;English;1;0;A1;Adjective
protest;Protest;English;1;0;B1;Noun
tour;Tour;English;1;0;A2;Noun
overview;Überblick;English;1;0;B1;Noun
handle;Griff;English;1;0;A2;Noun
to kiss;küssen;English;1;0;B1;Verb
liter;Liter;English;1;0;A2;Noun
foreign minister;Außenminister;English;1;0;B1;Noun
fiber;Faser;English;1;0;B2;Noun
treasure;Schatz;English;1;0;A2;Noun
secondary;sekundär;English;1;0;B2;Adjective
central bank;Zentralbank;English;1;0;B1;Noun
old person/thing;Alte;English;1;0;B1;Noun
grateful;dankbar;English;1;0;A2;Adjective
to fascinate;faszinieren;English;1;0;B1;Verb
shirt;Hemd;English;1;0;A1;Noun
in terms of content;inhaltlich;English;1;0;B1;Adjective
justification;Begründung;English;1;0;B1;Noun
three times;dreimal;English;1;0;B1;Adverb
to hesitate;zögern;English;1;0;B1;Verb
creative;kreativ;English;1;0;A2;Adjective
to move in;einziehen;English;1;0;B1;Verb
enemy;Feind;English;1;0;B1;Noun
breath;Atem;English;1;0;B1;Noun
retailer;Händler;English;1;0;B2;Noun
to hate;hassen;English;1;0;B1;Verb
pattern;Muster;English;1;0;B1;Noun
detailed;ausführlich;English;1;0;B2;Adjective
terror;Terror;English;1;0;B1;Noun
constitution;Verfassung;English;1;0;B1;Noun
blind;blind;English;1;0;B1;Adjective
to fall asleep;einschlafen;English;1;0;B1;Verb
refugee crisis;Flüchtlingskrise;English;1;0;B1;Noun
annoyance;Ärger;English;1;0;B1;Noun
gradual;allmählich;English;1;0;B2;Adjective
guide;Führer;English;1;0;B1;Noun
vitamin;Vitamin;English;1;0;B2;Noun
parting;Abschied;English;1;0;B1;Noun
harbor;Hafen;English;1;0;B1;Noun
kidney;Niere;English;1;0;B1;Noun
receptor;Rezeptor;English;1;0;B1;Noun
knife;Messer;English;1;0;A1;Noun
Brazil;Brasilien;English;1;0;B1;Noun
to seize;ergreifen;English;1;0;B1;Verb
basic law;Grundgesetz;English;1;0;B1;Noun
catastrophe;Katastrophe;English;1;0;B2;Noun
to lean;lehnen;English;1;0;B1;Verb
civic;bürgerlich;English;1;0;B1;Adjective
to pass into;übergehen;English;1;0;B1;Verb
rage;Wut;English;1;0;B1;Noun
to call out/up/upon;aufrufen;English;1;0;B1;Verb
sideways;quer;English;1;0;B1;Adverb
captain;Kapitän;English;1;0;A2;Noun
to be connected;zusammenhängen;English;1;0;B1;Verb
foreigner;Ausländer;English;1;0;A1;Noun
(sport) national division;Bundesliga;English;1;0;B1;Noun
shore;Ufer;English;1;0;A2;Noun
density;Dichte;English;1;0;B1;Noun
radiation;Strahlung;English;1;0;B1;Noun
virus;Virus;English;1;0;B1;Noun
continent;Kontinent;English;1;0;A2;Noun
milligram;Milligramm;English;1;0;B1;Noun
Swedish;schwedisch;English;1;0;B1;Adjective
sexual;sexuell;English;1;0;B2;Adjective
ironic;ironisch;English;1;0;B1;Adjective
jump;Sprung;English;1;0;A1;Noun
for the present;vorerst;English;1;0;B1;Adverb
experimental;experimentell;English;1;0;B1;Adjective
cool;kühl;English;1;0;A1;Adjective
painter;Maler;English;1;0;A2;Noun
opposition;Opposition;English;1;0;B1;Noun
Syrian;syrisch;English;1;0;B1;Adjective
to praise;loben;English;1;0;B1;Verb
approval;Zustimmung;English;1;0;B1;Noun
intention;Absicht;English;1;0;B1;Noun
address;Adresse;English;1;0;A1;Noun
accent;Akzent;English;1;0;B1;Noun
extend;verlängern;English;1;0;B1;Verb
Dutch;niederländisch;English;1;0;B1;Adjective
planet;Planet;English;1;0;A2;Noun
stress;Stress;English;1;0;B1;Noun
supposed;vermeintlich;English;1;0;B1;Adjective
to cooperate;zusammenarbeiten;English;1;0;B1;Verb
parameter;Parameter;English;1;0;B1;Noun
steep;steil;English;1;0;B1;Adjective
intercultural;interkulturell;English;1;0;B1;Adjective
screen;Bildschirm;English;1;0;A2;Noun
proton;Proton;English;1;0;B1;Noun
Swiss person;Schweizer;English;1;0;B1;Noun
creepy;unheimlich;English;1;0;B2;Adjective
magnetic;magnetisch;English;1;0;B1;Adjective
participation;Beteiligung;English;1;0;B2;Noun
hat;Hut;English;1;0;A1;Noun
guard;Hut;English;1;0;A2;Noun
medium;Medium;English;1;0;B1;Noun
alternatively;alternativ;English;1;0;B2;Adjective
midday;Mittag;English;1;0;A2;Noun
finale;Finale;English;1;0;B1;Noun
to testify;aussagen;English;1;0;B1;Verb
terrorist;Terrorist;English;1;0;A2;Noun
grandpa;Opa;English;1;0;A1;Noun
unemployed;arbeitslos;English;1;0;B1;Adjective
grass;Gras;English;1;0;A1;Noun
logical;logisch;English;1;0;A2;Adjective
successor;Nachfolger;English;1;0;B1;Noun
to despair;verzweifeln;English;1;0;B1;Verb
emotion;Emotion;English;1;0;B1;Noun
poverty;Armut;English;1;0;B1;Noun
Australia;Australien;English;1;0;B1;Noun
to complain;klagen;English;1;0;B1;Verb
it’s a pity;schade;English;1;0;B1;Adverb
disk;Scheibe;English;1;0;B1;Noun
dissent;Widerspruch;English;1;0;B1;Noun
to stand there;dastehen;English;1;0;B1;Verb
nervous;nervös;English;1;0;A2;Adjective
to govern;regieren;English;1;0;B1;Verb
sweet;süß;English;1;0;A1;Adjective
villa;Villa;English;1;0;B2;Noun
hurt;weh;English;1;0;A1;Adverb
to dismiss;entlassen;English;1;0;B1;Verb
press;Presse;English;1;0;B1;Noun
with what;womit;English;1;0;B1;Pronoun
outstanding;hervorragend;English;1;0;B1;Adjective
European Central Bank;EZB (Europäische Zentralbank);English;1;0;B1;Noun
infrastructure;Infrastruktur;English;1;0;B1;Noun
competitor;Konkurrent;English;1;0;B1;Noun
party;Party;English;1;0;A1;Noun
wavelength;Wellenlänge;English;1;0;B1;Noun
trailer;Anhänger;English;1;0;B2;Noun
operational;betrieblich;English;1;0;B1;Adjective
financing;Finanzierung;English;1;0;B1;Noun
inflation;Inflation;English;1;0;B2;Noun
to mutter;murmeln;English;1;0;B1;Verb
platform;Plattform;English;1;0;B1;Noun
to dominate;dominieren;English;1;0;B1;Verb
admit;einräumen;English;1;0;A2;Verb
to turn out;herausstellen (sich);English;1;0;B1;Verb
clothes;Kleidung;English;1;0;A1;Noun
Bundesrat;Bundesrat;English;1;0;B1;Noun
to get by;auskommen;English;1;0;B1;Verb
conceivable;denkbar;English;1;0;B2;Adjective
beauty;Schönheit;English;1;0;A2;Noun
to process;verarbeiten;English;1;0;B1;Verb
Denmark;Dänemark;English;1;0;B1;Noun
between (them);dazwischen;English;1;0;B1;Pronoun
to board;einsteigen;English;1;0;B1;Verb
Tibet;Tibet;English;1;0;B1;Noun
website;Webseite;English;1;0;A2;Noun
to contradict;widersprechen;English;1;0;B1;Verb
owner;Besitzer;English;1;0;A1;Noun
Japanese;japanisch;English;1;0;B1;Adjective
to annoy;ärgern;English;1;0;B1;Verb
personality;Persönlichkeit;English;1;0;A2;Noun
troops;Truppe;English;1;0;B1;Noun
explicit;ausdrücklich;English;1;0;B1;Adjective
assessment;Einschätzung;English;1;0;B2;Noun
functional;funktionell;English;1;0;B2;Adjective
tissue;Gewebe;English;1;0;B1;Noun
to wake up;aufwachen;English;1;0;B1;Verb
checkout;Kasse;English;1;0;B1;Noun
debt;Schulden (pl);English;1;0;B1;Noun
at home;zuhause;English;1;0;B1;Adverb
standardized;einheitlich;English;1;0;B1;Adjective
fifteen;fünfzehn;English;1;0;A1;Number
to exceed;überschreiten;English;1;0;B1;Verb
version;Version;English;1;0;B2;Noun
tongue;Zunge;English;1;0;B1;Noun
Danish;dänisch;English;1;0;B1;Adjective
invitation;Einladung;English;1;0;B1;Noun
multitude;Vielzahl;English;1;0;B1;Noun
employer;Arbeitgeber;English;1;0;B2;Noun
cave;Höhle;English;1;0;B1;Noun
gap;Lücke;English;1;0;B1;Noun
repeatedly;mehrmals;English;1;0;B1;Adverb
subjective;subjektiv;English;1;0;B1;Adjective
unpleasant;unangenehm;English;1;0;A2;Adjective
economic forum;Wirtschaftsforum;English;1;0;B1;Noun
characteristic;charakteristisch;English;1;0;B1;Adjective
revenue;Einnahme;English;1;0;B2;Noun
Islam;Islam;English;1;0;B1;Noun
to be based on;basieren;English;1;0;B1;Verb
to shop;einkaufen;English;1;0;B1;Verb
tent;Zelt;English;1;0;B1;Noun
to put together;zusammensetzen;English;1;0;B1;Verb
glasses;Brille;English;1;0;A1;Noun
collection;Sammlung;English;1;0;A1;Noun
draft;Entwurf;English;1;0;B2;Noun
to hinder;hemmen;English;1;0;B1;Verb
intelligence;Intelligenz;English;1;0;A2;Noun
vertical;senkrecht;English;1;0;B1;Adjective
migrant;Migrant;English;1;0;B1;Noun
tournament;Turnier;English;1;0;B1;Noun
national economy;Volkswirtschaft;English;1;0;B1;Noun
to edit;bearbeiten;English;1;0;B1;Verb
flexible;flexibel;English;1;0;B2;Adjective
for this;hierfür;English;1;0;B1;Pronoun
mobile;mobil;English;1;0;A1;Adjective
translator;Übersetzer;English;1;0;B2;Noun
to owe;verdanken;English;1;0;B1;Verb
forty;vierzig;English;1;0;A1;Number
foreground;Vordergrund;English;1;0;B1;Noun
appeal;Reiz;English;1;0;B1;Noun
comprehensible;verständlich;English;1;0;B1;Adjective
election campaign;Wahlkampf;English;1;0;B1;Noun
storm;Sturm;English;1;0;A2;Noun
to clear;räumen;English;1;0;B1;Verb
consistent;konsequent;English;1;0;B2;Adjective
salary;Gehalt;English;1;0;B2;Noun
contents;Gehalt;English;1;0;B1;Noun
meanwhile;indes;English;1;0;B1;Adverb
motto;Motto;English;1;0;B1;Noun
philosophy;Philosophie;English;1;0;B1;Noun
broadcasting station;Sender;English;1;0;B1;Noun
talent;Talent;English;1;0;A2;Noun
extra;extra;English;1;0;A2;Adverb
stain;Fleck;English;1;0;B2;Noun
complaint;Klage;English;1;0;A2;Noun
initially;anfangs;English;1;0;B1;Adverb
consultation;Beratung;English;1;0;B1;Noun
design;Gestaltung;English;1;0;A1;Noun
Catholic;katholisch;English;1;0;B1;Adjective
to cover;bedecken;English;1;0;B1;Verb
cow;Kuh;English;1;0;A1;Noun
user;Nutzer;English;1;0;B2;Noun
stability;Stabilität;English;1;0;B2;Noun
embarrassing;peinlich;English;1;0;A2;Adjective
National Socialist;Nationalsozialist;English;1;0;B1;Noun
quote;Zitat;English;1;0;B2;Noun
adaptation;Anpassung;English;1;0;B1;Noun
broken;kaputt;English;1;0;A1;Adjective
humanity;Menschheit;English;1;0;B1;Noun
to sigh;seufzen;English;1;0;B1;Verb
to reconcile;ausgleichen;English;1;0;B1;Verb
pilot;Pilot;English;1;0;A2;Noun
agreement;Vereinbarung;English;1;0;B1;Noun
to break open;aufbrechen;English;1;0;B1;Verb
laboratory;Labor;English;1;0;B1;Noun
to presuppose;voraussetzen;English;1;0;B1;Verb
highlight;Höhepunkt;English;1;0;B1;Noun
meadow;Wiese;English;1;0;B1;Noun
recognition;Anerkennung;English;1;0;B2;Noun
remarkable;ausgeprägt;English;1;0;B1;Adjective
motorway;Autobahn;English;1;0;A2;Noun
formulation;Formulierung;English;1;0;B1;Noun
consideration;Berücksichtigung;English;1;0;B1;Noun
accordingly;dementsprechend;English;1;0;B2;Adjective
shock;Schreck;English;1;0;A2;Noun
Christmas;Weihnachten;English;1;0;B1;Noun
pig;Schwein;English;1;0;A1;Noun
to strive (for);anstreben;English;1;0;B1;Verb
friendship;Freundschaft;English;1;0;A2;Noun
hut;Hütte;English;1;0;B1;Noun
coat;Mantel;English;1;0;A1;Noun
forecast;Prognose;English;1;0;B1;Noun
belonging;zugehörig;English;1;0;B1;Adjective
analytic;analytisch;English;1;0;B1;Adjective
request;Anliegen;English;1;0;A2;Noun
relaxed;locker;English;1;0;A2;Adjective
permanent;permanent;English;1;0;B1;Adjective
taste;Geschmack;English;1;0;B1;Noun
following;nachfolgend;English;1;0;A1;Adjective
retirement;Rente;English;1;0;B2;Noun
taxi;Taxi;English;1;0;A1;Noun
a short time ago;vorhin;English;1;0;B1;Adverb
summary;Zusammenfassung;English;1;0;A2;Noun
discipline;Disziplin;English;1;0;B2;Noun
climb;Aufstieg;English;1;0;A1;Noun
no ... at all;keinerlei;English;1;0;B2;Pronoun
moon;Mond;English;1;0;A1;Noun
semester;Semester;English;1;0;A2;Noun
host;Gastgeber;English;1;0;A2;Noun
into;hinein;English;1;0;A1;Adverb
kinetic;kinetisch;English;1;0;B2;Adjective
accessible;zugänglich;English;1;0;B1;Adjective
to pass away;versterben;English;1;0;B2;Verb
to hold back;zurückhalten;English;1;0;B2;Verb
deviation;Abweichung;English;1;0;B2;Noun
boring;langweilig;English;1;0;A1;Adjective
crooked;schief;English;1;0;B2;Adjective
cheek;Wange;English;1;0;A2;Noun
champion;Champion;English;1;0;B1;Noun
horizon;Horizont;English;1;0;B1;Noun
intensity;Intensität;English;1;0;B2;Noun
to correct;korrigieren;English;1;0;B2;Verb
Left Party;Linke;English;1;0;B2;Noun
ninety;neunzig;English;1;0;A1;Number
singer;Sänger;English;1;0;A1;Noun
symptom;Symptom;English;1;0;B1;Noun
agreed;einig;English;1;0;B2;Adjective
point of view;Auffassung;English;1;0;B2;Noun
work of art;Kunstwerk;English;1;0;B2;Noun
ministry;Ministerium;English;1;0;B2;Noun
on behalf;stellvertretend;English;1;0;B2;Adjective
oral;mündlich;English;1;0;B1;Adjective
curious;neugierig;English;1;0;B1;Adjective
to hunt;jagen;English;1;0;B2;Verb
weakness;Schwäche;English;1;0;B1;Noun
deficit;Minus;English;1;0;B2;Noun
iron;Eisen;English;1;0;B1;Noun
Iran;Iran;English;1;0;B2;Noun
unique characteristic;Besonderheit;English;1;0;B2;Noun
to pass;vorbeikommen;English;1;0;B2;Verb
to stick;kleben;English;1;0;B2;Verb
uncertainty;Unsicherheit;English;1;0;B1;Noun
Iraq;Irak;English;1;0;B2;Noun
virtual;virtuell;English;1;0;B1;Adjective
first name;Vorname;English;1;0;A2;Noun
magazine;Zeitschrift;English;1;0;A1;Noun
to command;anführen;English;1;0;B2;Verb
to dispute;bestreiten;English;1;0;B2;Verb
thesis;These;English;1;0;B2;Noun
property;Besitz;English;1;0;B1;Noun
quite a few;etliche;English;1;0;B2;Pronoun
creditor;Gläubiger;English;1;0;B2;Noun
from time to time;mitunter;English;1;0;B2;Adverb
to slide;rutschen;English;1;0;B2;Verb
countless;unzählig;English;1;0;B1;Adjective
stuff;Zeug;English;1;0;A2;Noun
inquiry;Anfrage;English;1;0;B1;Noun
efficient;effizient;English;1;0;B1;Adjective
to work for/out;erarbeiten;English;1;0;B2;Verb
plate;Platte;English;1;0;A2;Noun
see;siehe;English;1;0;A1;Adverb
married;verheiratet;English;1;0;A2;Adjective
temporary;vorübergehend;English;1;0;B1;Adjective
to pass by;vorübergehen;English;1;0;B2;Verb
discreet;diskret;English;1;0;B2;Adjective
to astonish;erstaunen;English;1;0;B2;Verb
secondary school;Gymnasium;English;1;0;B1;Noun
to insulate;isolieren;English;1;0;B2;Verb
murderer;Mörder;English;1;0;B1;Noun
grown-up;erwachsen;English;1;0;B2;Adjective
ecological;ökologisch;English;1;0;B1;Adjective
problematic;problematisch;English;1;0;B2;Adjective
substitution;Substitution;English;1;0;B2;Noun
canton (Switzerland);Kanton;English;1;0;B2;Noun
Saxony;Sachsen;English;1;0;B2;Noun
pregnant;schwanger;English;1;0;B1;Adjective
key word;Stichwort;English;1;0;B2;Noun
pace;Tempo;English;1;0;B1;Noun
world champion;Weltmeister;English;1;0;B2;Noun
fragrance;Duft;English;1;0;B2;Noun
for (many years);hinweg;English;1;0;B2;Adverb
to point out;aufzeigen;English;1;0;B2;Verb
grandmother;Großmutter;English;1;0;A1;Noun
passion;Leidenschaft;English;1;0;B1;Noun
parking place;Parkplatz;English;1;0;B2;Noun
ha;ha;English;1;0;B2;Interjection
university library;Universitätsbibliothek;English;1;0;B2;Noun
composition;Zusammensetzung;English;1;0;B1;Noun
to roar;brüllen;English;1;0;B2;Verb
wet;nass;English;1;0;A2;Adjective
square meter;Quadratmeter;English;1;0;B2;Noun
tower;Turm;English;1;0;A1;Noun
conscience;Gewissen;English;1;0;B2;Noun
intelligent;intelligent;English;1;0;A2;Adjective
to steal;stehlen;English;1;0;B2;Verb
to look after;betreuen;English;1;0;B2;Verb
prevailing condition;Rahmenbedingung;English;1;0;B2;Noun
suicide;Suizid;English;1;0;B1;Noun
neighboring;benachbart;English;1;0;B2;Adjective
if necessary;gegebenenfalls;English;1;0;B2;Adverb
rear;hintere;English;1;0;B2;Adjective
to swing;schwingen;English;1;0;B2;Verb
export;Export;English;1;0;B2;Noun
to sweep;kehren;English;1;0;B2;Verb
imagination;Phantasie;English;1;0;A2;Noun
crime;Verbrechen;English;1;0;A2;Noun
activation;Aktivierung;English;1;0;B2;Noun
darkness;Dunkelheit;English;1;0;B1;Noun
stadium;Stadion;English;1;0;A2;Noun
hydrogen;Wasserstoff;English;1;0;B2;Noun
sight;Anblick;English;1;0;A1;Noun
to be eliminated;ausscheiden;English;1;0;B2;Verb
climate;Klima;English;1;0;B1;Noun
enlarge;vergrößern;English;1;0;B2;Verb
graphic;Grafik;English;1;0;B1;Noun
motivation;Motivation;English;1;0;B1;Noun
software;Software;English;1;0;A2;Noun
gather;versammeln;English;1;0;A2;Verb
awake;wach;English;1;0;A1;Adjective
hatred;Hass;English;1;0;B1;Noun
to stretch;strecken;English;1;0;B2;Verb
to (make a telephone) call;telefonieren;English;1;0;B2;Verb
site;Gelände;English;1;0;A1;Noun
plot of land;Grundstück;English;1;0;B2;Noun
for what;wofür;English;1;0;B2;Pronoun
anytime;jederzeit;English;1;0;B2;Adverb
neutral;neutral;English;1;0;B1;Adjective
qualitative;qualitativ;English;1;0;B2;Adjective
damp;feucht;English;1;0;B1;Adjective
grandfather;Großvater;English;1;0;A1;Noun
lung;Lunge;English;1;0;B1;Noun
to convert;umwandeln;English;1;0;B2;Verb
Baden-Württemberg;Baden-Württemberg;English;1;0;B2;Noun
Middle Ages;Mittelalter;English;1;0;B2;Noun
longing;Sehnsucht;English;1;0;B2;Noun
to take off;ablegen;English;1;0;B2;Verb
establishment;Gründung;English;1;0;B1;Noun
architect;Architekt;English;1;0;B1;Noun
to differentiate;differenzieren;English;1;0;B2;Verb
shelf;Regal;English;1;0;A1;Noun
backpack;Rucksack;English;1;0;B1;Noun
sensitive;sensibel;English;1;0;B2;Adjective
vision;Vision;English;1;0;B1;Noun
front;vordere;English;1;0;A1;Adjective
stock market;Börse;English;1;0;B2;Noun
orientation;Orientierung;English;1;0;B2;Noun
to float;schweben;English;1;0;B2;Verb
to complete;absolvieren;English;1;0;B2;Verb
fatty acid;Fettsäure;English;1;0;B2;Noun
marvelous;herrlich;English;1;0;A2;Adjective
to go down;untergehen;English;1;0;B2;Verb
restriction;Einschränkung;English;1;0;B2;Noun
to come from;hervorgehen;English;1;0;B2;Verb
to ignore;ignorieren;English;1;0;B2;Verb
trunk;Stamm;English;1;0;B2;Noun
radioactive;radioaktiv;English;1;0;B2;Adjective
uncertain;unsicher;English;1;0;A2;Adjective
reunion;Wiedersehen;English;1;0;A2;Noun
to see again;wiedersehen;English;1;0;B2;Verb
date;Datum;English;1;0;A1;Noun
waiter;Kellner;English;1;0;A1;Noun
box;Kiste;English;1;0;A1;Noun
accommodate;unterbringen;English;1;0;B2;Verb
to be capable;vermögen;English;1;0;B2;Verb
cheerful;fröhlich;English;1;0;B1;Adjective
grave;Grab;English;1;0;B1;Noun
to motivate;motivieren;English;1;0;B2;Verb
quantitative;quantitativ;English;1;0;B2;Adjective
to split;spalten;English;1;0;B2;Verb
mushroom;Pilz;English;1;0;A2;Noun
supermarket;Supermarkt;English;1;0;A1;Noun
outcome;Ausgang;English;1;0;B2;Noun
exit;Ausgang;English;1;0;B1;Noun
resolution;Beschluss;English;1;0;B2;Noun
Armed Forces;Bundeswehr;English;1;0;B2;Noun
fellow;Kerl;English;1;0;B1;Noun
mechanical;mechanisch;English;1;0;B1;Adjective
to double;verdoppeln;English;1;0;B2;Verb
compensation;Ausgleich;English;1;0;B2;Noun
symmetrical;symmetrisch;English;1;0;B2;Adjective
handicap;Behinderung;English;1;0;B2;Noun
document;Dokument;English;1;0;B1;Noun
to be astonished;staunen;English;1;0;B2;Verb
variance;Varianz;English;1;0;B2;Noun
to turn toward;zuwenden;English;1;0;B2;Verb
to cut off;abschneiden;English;1;0;B2;Verb
demonstration;Demonstration;English;1;0;B1;Noun
lens;Linse;English;1;0;B2;Noun
Polish;polnisch;English;1;0;B2;Adjective
to keep from;abhalten;English;1;0;B2;Verb
artery;Arterie;English;1;0;B2;Noun
opening;Öffnung;English;1;0;B1;Noun
to broadcast;senden;English;1;0;B2;Verb
to glide;gleiten;English;1;0;B2;Verb
Norway;Norwegen;English;1;0;B2;Noun
wardrobe;Schrank;English;1;0;B1;Noun
terrorism;Terrorismus;English;1;0;B1;Noun
fist;Faust;English;1;0;B2;Noun
to store;lagern;English;1;0;B2;Verb
to exaggerate;übertreiben;English;1;0;B2;Verb
publication;Veröffentlichung;English;1;0;B2;Noun
Minister of the Interior;Innenminister;English;1;0;B2;Noun
clinical;klinisch;English;1;0;B2;Adjective
to weigh;wiegen;English;1;0;B2;Verb
intervention;Eingriff;English;1;0;B2;Noun
Indian;indisch;English;1;0;B2;Adjective
Hindi;Hindi;English;1;0;B2;Noun
psychology;Psychologie;English;1;0;B2;Noun
digitalization;Digitalisierung;English;1;0;B2;Noun
insight;Einsicht;English;1;0;B1;Noun
young lady;Fräulein;English;1;0;B2;Noun
rose;Rose;English;1;0;A1;Noun
decline;Rückgang;English;1;0;B1;Noun
to confuse;verwirren;English;1;0;B2;Verb
onto one another;aufeinander;English;1;0;B2;Adverb
to demonstrate;demonstrieren;English;1;0;B2;Verb
hundreds;Hunderte;English;1;0;B2;Noun
objective;objektiv;English;1;0;B1;Adjective
to harm;schaden;English;1;0;B2;Verb
silent;stumm;English;1;0;B1;Adjective
fence;Zaun;English;1;0;A2;Noun
recipient;Empfänger;English;1;0;B2;Noun
wedding;Hochzeit;English;1;0;A2;Noun
quarter;Quartal;English;1;0;A1;Noun
fissure;Spalte;English;1;0;B2;Noun
note;Zettel;English;1;0;A1;Noun
boundary;Abgrenzung;English;1;0;B2;Noun
jacket;Jacke;English;1;0;A1;Noun
preference;Präferenz;English;1;0;B1;Noun
correspond;übereinstimmen;English;1;0;B2;Verb
distinction;Unterscheidung;English;1;0;B1;Noun
seal;Dichtung;English;1;0;B2;Noun
facts;Sachverhalt;English;1;0;B2;Noun
among (our)selves;untereinander;English;1;0;B2;Adverb
to clarify;verdeutlichen;English;1;0;B2;Verb
yield;Ertrag;English;1;0;B2;Noun
finance minister;Finanzminister;English;1;0;B2;Noun
eighty;achtzig;English;1;0;A1;Number
dynamic;dynamisch;English;1;0;B2;Adjective
justice;Gerechtigkeit;English;1;0;B1;Noun
to park;abstellen;English;1;0;B2;Verb
drug;Droge;English;1;0;A2;Noun
to consume;verbrauchen;English;1;0;B2;Verb
necessity;Notwendigkeit;English;1;0;B2;Noun
to stroll;spazieren;English;1;0;B2;Verb
to refuse;verweigern;English;1;0;B2;Verb
payment;Zahlung;English;1;0;B2;Noun
to argue;argumentieren;English;1;0;B2;Verb
to bite;beißen;English;1;0;B2;Verb
harmonious;harmonisch;English;1;0;B2;Adjective
pub;Kneipe;English;1;0;B1;Noun
to cancel;absagen;English;1;0;B2;Verb
enthusiasm;Begeisterung;English;1;0;B1;Noun
fruit;Frucht;English;1;0;A1;Noun
Canada;Kanada;English;1;0;B2;Noun
philosopher;Philosoph;English;1;0;B1;Noun
to pass on;weitergeben;English;1;0;B2;Verb
interest rate;Zinssatz;English;1;0;B2;Noun
school leaving exam;Abitur;English;1;0;B2;Noun
Asia;Asien;English;1;0;B2;Noun
to let in;einlassen;English;1;0;B2;Verb
gesture;Geste;English;1;0;B1;Noun
guideline;Vorgabe;English;1;0;B2;Noun
depreciation;Abschreibung;English;1;0;B2;Noun
abstract;abstrakt;English;1;0;B1;Adjective
aesthetic;ästhetisch;English;1;0;B2;Adjective
to switch on;einschalten;English;1;0;B2;Verb
to qualify;qualifizieren;English;1;0;B2;Verb
pillar;Säule;English;1;0;B2;Noun
to hand over;übergeben;English;1;0;B2;Verb
to book;buchen;English;1;0;B2;Verb
depression;Depression;English;1;0;B1;Noun
to terminate;kündigen;English;1;0;B2;Verb
structural;strukturell;English;1;0;B2;Adjective
advertisement;Anzeige;English;1;0;A2;Noun
to arrest;festnehmen;English;1;0;B2;Verb
realistic;realistisch;English;1;0;B1;Adjective
fatal;tödlich;English;1;0;B2;Adjective
to sign;unterschreiben;English;1;0;B2;Verb
bomb;Bombe;English;1;0;B1;Noun
nowadays;heutzutage;English;1;0;A2;Adverb
heat;Hitze;English;1;0;A2;Noun
chamber;Kammer;English;1;0;B2;Noun
to note;notieren;English;1;0;B2;Verb
solidarity;Solidarität;English;1;0;B2;Noun
worried;besorgt;English;1;0;A2;Adjective
account;Konto;English;1;0;A2;Noun
option;Option;English;1;0;B1;Noun
show;Show;English;1;0;A1;Noun
unease;Unruhe;English;1;0;B2;Noun
comfortable;bequem;English;1;0;A2;Adjective
Hesse;Hessen;English;1;0;B2;Noun
kindergarten;Kindergarten;English;1;0;B2;Noun
puzzle;Rätsel;English;1;0;B1;Noun
devil;Teufel;English;1;0;B2;Noun
target group;Zielgruppe;English;1;0;B2;Noun
suit;Anzug;English;1;0;A2;Noun
to fall ill;erkranken;English;1;0;B2;Verb
reign;Herrschaft;English;1;0;B2;Noun
as a result of;infolge;English;1;0;B2;Preposition
useful;nützlich;English;1;0;A2;Adjective
to overlook;übersehen;English;1;0;B2;Verb
threat;Bedrohung;English;1;0;B1;Noun
willingness;Bereitschaft;English;1;0;B1;Noun
blood pressure;Blutdruck;English;1;0;B2;Noun
ban;Verbot;English;1;0;B2;Noun
postponement;Verschiebung;English;1;0;B2;Noun
form the basis;zugrunde;English;1;0;B2;Adverb
to deviate;abweichen;English;1;0;B2;Verb
recommendation;Empfehlung;English;1;0;B2;Noun
eager;gespannt;English;1;0;B1;Adjective
to confiscate;sicherstellen;English;1;0;B2;Verb
for hours;stundenlang;English;1;0;B2;Adjective
write;verfassen;English;1;0;A1;Verb
mediation;Vermittlung;English;1;0;B2;Noun
prosperity;Wohlstand;English;1;0;B1;Noun
including;inklusive;English;1;0;B1;Preposition
cognitive;kognitiv;English;1;0;B2;Adjective
for his part;seinerseits;English;1;0;B2;Adverb
to be entitled;zustehen;English;1;0;B2;Verb
conspicuous;auffällig;English;1;0;B2;Adjective
to break out;ausbrechen;English;1;0;B2;Verb
CD;CD;English;1;0;A1;Noun
carrying out;Durchführung;English;1;0;B2;Noun
humor;Humor;English;1;0;B1;Noun
faithful;treu;English;1;0;B1;Adjective
upbringing;Erziehung;English;1;0;B2;Noun
to comment;kommentieren;English;1;0;B2;Verb
what ... for;wonach;English;1;0;B2;Pronoun
database;Datenbank;English;1;0;B2;Noun
prime minister;Premierminister;English;1;0;B2;Noun
drawing;Zeichnung;English;1;0;A2;Noun
hi;hi;English;1;0;A1;Interjection
to drag;schleppen;English;1;0;B2;Verb
helper;Helfer;English;1;0;B2;Noun
vice president;Vizepräsident;English;1;0;B1;Noun
front door;Haustür;English;1;0;B2;Noun
state government;Landesregierung;English;1;0;B2;Noun
aggressive;aggressiv;English;1;0;B1;Adjective
definitive;definitiv;English;1;0;B2;Adjective
to lure;locken;English;1;0;B2;Verb
meal;Mahlzeit;English;1;0;A1;Noun
along with;samt;English;1;0;B2;Preposition
repetition;Wiederholung;English;1;0;B2;Noun
reasonably;einigermaßen;English;1;0;B2;Adverb
announcement;Mitteilung;English;1;0;B1;Noun
internship;Praktikum;English;1;0;B2;Noun
record;verzeichnen;English;1;0;A2;Verb
caution;Vorsicht;English;1;0;B1;Noun
arc;Bogen;English;1;0;B2;Noun
school break;Ferien (pl);English;1;0;B2;Noun
(trade) fair;Messe;English;1;0;B2;Noun
to divorce;scheiden;English;1;0;B2;Verb
to swallow;schlucken;English;1;0;B2;Verb
southern;südlich;English;1;0;B1;Adjective
cover (distance);zurücklegen;English;1;0;B2;Verb
to be imminent;bevorstehen;English;1;0;B2;Verb
chemist;Chemiker;English;1;0;B1;Noun
free (of charge);kostenlos;English;1;0;B2;Adjective
mouse;Maus;English;1;0;A1;Noun
independence;Unabhängigkeit;English;1;0;A2;Noun
vein;Vene;English;1;0;B1;Noun
stock;Bestand;English;1;0;B2;Noun
unique;einzigartig;English;1;0;B1;Adjective
coal;Kohle;English;1;0;B1;Noun
smartphone;Smartphone;English;1;0;B2;Noun
garage;Werkstatt;English;1;0;A2;Noun
monastery;Kloster;English;1;0;B2;Noun
to inquire;nachfragen;English;1;0;B2;Verb
toilet;Toilette;English;1;0;A1;Noun
disaster;Unglück;English;1;0;B1;Noun
to postpone;verlegen;English;1;0;B2;Verb
industrial;industriell;English;1;0;B1;Adjective
to confront;konfrontieren;English;1;0;B2;Verb
sex;Sex;English;1;0;B1;Noun
about what;wovon;English;1;0;B2;Pronoun
absurd;absurd;English;1;0;B2;Adjective
rent;Miete;English;1;0;A2;Noun
apple;Apfel;English;1;0;A1;Noun
autonomous;autonom;English;1;0;B2;Adjective
blond;blond;English;1;0;B2;Adjective
exhausting;anstrengend;English;1;0;B2;Adjective
bear;Bär;English;1;0;A1;Noun
Latin;lateinisch;English;1;0;B2;Adjective
human right;Menschenrecht;English;1;0;B2;Noun
laborious;mühsam;English;1;0;B2;Adjective
precise;präzise;English;1;0;A2;Adjective
madness;Wahnsinn;English;1;0;B2;Noun
to be certain;feststehen;English;1;0;B2;Verb
winner;Sieger;English;1;0;A2;Noun
accommodation;Unterkunft;English;1;0;B2;Noun
gloomy;düster;English;1;0;B2;Adjective
to release;freisetzen;English;1;0;B2;Verb
compromise;Kompromiss;English;1;0;B1;Noun
scale;Maßstab;English;1;0;A2;Noun
to sketch;skizzieren;English;1;0;B2;Verb
rigid;starr;English;1;0;B2;Adjective
curtain;Vorhang;English;1;0;B1;Noun
currency;Währung;English;1;0;B1;Noun
desert;Wüste;English;1;0;A2;Noun
to appoint;berufen;English;1;0;B2;Verb
to intervene;eingreifen;English;1;0;B2;Verb
cup;Tasse;English;1;0;A1;Noun
imply;unterstellen;English;1;0;B2;Verb
flame;Flamme;English;1;0;B2;Noun
long-standing;langjährig;English;1;0;B2;Adjective
frequently;oftmals;English;1;0;B1;Adverb
pope;Papst;English;1;0;B2;Noun
excitement;Aufregung;English;1;0;B1;Noun
to recite;aufsagen;English;1;0;B2;Verb
fog;Nebel;English;1;0;A2;Noun
terrorist attack;Terroranschlag;English;1;0;B2;Noun
German-speaking;deutschsprachig;English;1;0;B2;Adjective
embryo;Embryo;English;1;0;B2;Noun
musculature;Muskulatur;English;1;0;B2;Noun
to unfold;entfalten;English;1;0;B2;Verb
investigator;Ermittler;English;1;0;B2;Noun
ugly;hässlich;English;1;0;A1;Adjective
hypothesis;Hypothese;English;1;0;B2;Noun
unchanged;unverändert;English;1;0;B2;Adjective
to come in;hereinkommen;English;1;0;B2;Verb
to howl;heulen;English;1;0;B2;Verb
to resign;zurücktreten;English;1;0;B2;Verb
shortly;demnächst;English;1;0;B1;Adverb
skirt;Rock;English;1;0;A1;Noun
takeover;Übernahme;English;1;0;B2;Noun
academic;akademisch;English;1;0;B1;Adjective
costly;aufwendig;English;1;0;B2;Adjective
capacity;Kapazität;English;1;0;B1;Noun
head of government;Regierungschef;English;1;0;B2;Noun
to rain;regnen;English;1;0;B2;Verb
raw material;Rohstoff;English;1;0;B2;Noun
to pray;beten;English;1;0;B2;Verb
to squat;hocken;English;1;0;B2;Verb
information system;Informationssystem;English;1;0;B2;Noun
liberal;liberal;English;1;0;B2;Adjective
musical;musikalisch;English;1;0;A2;Adjective
pastor;Pfarrer;English;1;0;B2;Noun
province;Provinz;English;1;0;B2;Noun
supervisory board;Aufsichtsrat;English;1;0;B2;Noun
rumor;Gerücht;English;1;0;A2;Noun
to crawl;kriechen;English;1;0;B2;Verb
sofa;Sofa;English;1;0;A1;Noun
vacationer;Urlauber;English;1;0;B2;Noun
to avert;abwenden;English;1;0;B2;Verb
hen;Huhn;English;1;0;B2;Noun
to rest;ruhen;English;1;0;B2;Verb
incident;Vorfall;English;1;0;B1;Noun
advance;Vorfeld;English;1;0;B1;Noun
arrival;Ankunft;English;1;0;B1;Noun
dissolution;Auflösung;English;1;0;B2;Noun
to evade;ausweichen;English;1;0;B2;Verb
package;Paket;English;1;0;B1;Noun
to clean;putzen;English;1;0;B2;Verb
academy;Akademie;English;1;0;B1;Noun
starting point;Ausgangspunkt;English;1;0;B2;Noun
advisor;Berater;English;1;0;B1;Noun
to attract;erregen;English;1;0;B2;Verb
ultimately;letztendlich;English;1;0;B2;Adverb
proportional;proportional;English;1;0;B2;Adjective
to exhaust;erschöpfen;English;1;0;B2;Verb
deadline;Frist;English;1;0;B1;Noun
to face;gegenüberstehen;English;1;0;B2;Verb
operative;operativ;English;1;0;B2;Adjective
qualification;Qualifikation;English;1;0;B2;Noun
snake;Schlange;English;1;0;A1;Noun
at an angle;schräg;English;1;0;B2;Adjective
venerated;verehrt;English;1;0;B2;Adjective
how much;wieviel;English;1;0;B2;Pronoun
Belgium;Belgien;English;1;0;B2;Noun
captured;gefangen;English;1;0;B2;Adjective
hobby;Hobby;English;1;0;A1;Noun
furniture;Möbel;English;1;0;A2;Noun
sanction;Sanktion;English;1;0;B2;Noun
to be mistaken;täuschen;English;1;0;B2;Verb
zone;Zone;English;1;0;A2;Noun
to do sth to sb;antun;English;1;0;B2;Verb
architecture;Architektur;English;1;0;A2;Noun
biology;Biologie;English;1;0;B1;Noun
circulation;Kreislauf;English;1;0;B2;Noun
solvent;Lösungsmittel;English;1;0;B2;Noun
minutes;Protokoll;English;1;0;B2;Noun
invisible;unsichtbar;English;1;0;B2;Adjective
to suppress;verdrängen;English;1;0;B2;Verb
to yield;weichen;English;1;0;B2;Verb
acute;akut;English;1;0;B2;Adjective
album;Album;English;1;0;A1;Noun
chronic;chronisch;English;1;0;B2;Adjective
judiciary;Justiz;English;1;0;B2;Noun
come together;zusammenkommen;English;1;0;B2;Verb
adventure;Abenteuer;English;1;0;A2;Noun
investigate;erforschen;English;1;0;B2;Verb
wing;Flügel;English;1;0;B1;Noun
carpet;Teppich;English;1;0;B1;Noun
touristic;touristisch;English;1;0;B2;Adjective
to judge;werten;English;1;0;B2;Verb
geographic;geographisch;English;1;0;B2;Adjective
slope;Hang;English;1;0;B1;Noun
Egypt;Ägypten;English;1;0;B2;Noun
shaping;Ausprägung;English;1;0;B2;Noun
block;Block;English;1;0;A1;Noun
to rush;rauschen;English;1;0;B2;Verb
to live together;zusammenleben;English;1;0;B2;Verb
vegetables;Gemüse;English;1;0;B2;Noun
valid;gültig;English;1;0;B2;Adjective
catch;mitbekommen;English;1;0;A1;Verb
scandal;Skandal;English;1;0;B2;Noun
go away;weggehen;English;1;0;B2;Verb
delivery;Abgabe;English;1;0;B1;Noun
to bloom;blühen;English;1;0;B2;Verb
Israeli;israelisch;English;1;0;B2;Adjective
proof;Nachweis;English;1;0;B1;Noun
stay;Aufenthalt;English;1;0;A1;Noun
to hang up;auflegen;English;1;0;B2;Verb
to tilt;kippen;English;1;0;B2;Verb
futile;vergeblich;English;1;0;B2;Adjective
to wipe;wischen;English;1;0;B2;Verb
receiver;Hörer;English;1;0;B2;Noun
prince;Prinz;English;1;0;A1;Noun
radius;Radius;English;1;0;B2;Noun
sheep;Schaf;English;1;0;A1;Noun
diary;Tagebuch;English;1;0;A2;Noun
to aim;zielen;English;1;0;B2;Verb
on the side;nebenbei;English;1;0;B2;Adverb
economist;Ökonom;English;1;0;B2;Noun
promise;Versprechen;English;1;0;A2;Noun
adjective;Adjektiv;English;1;0;A2;Noun
to brake;bremsen;English;1;0;B2;Verb
to install;einbauen;English;1;0;B2;Verb
drink;Getränk;English;1;0;A1;Noun
in these parts;hierzulande;English;1;0;B2;Adverb
physiological;physiologisch;English;1;0;B2;Adjective
venture;Unternehmung;English;1;0;B2;Noun
to read sth to sb;vorlesen;English;1;0;B2;Verb
to entitle;berechtigen;English;1;0;B2;Verb
fracture;Bruch;English;1;0;B2;Noun
lie;Lüge;English;1;0;A2;Noun
wealth;Reichtum;English;1;0;A2;Noun
scheme;Schema;English;1;0;B2;Noun
urban;städtisch;English;1;0;B2;Adjective
harmless;harmlos;English;1;0;B2;Adjective
generous;reichlich;English;1;0;B1;Adjective
spectacular;spektakulär;English;1;0;B1;Adjective
to stabilize;stabilisieren;English;1;0;B2;Verb
addition;Addition;English;1;0;A2;Noun
patience;Geduld;English;1;0;B1;Noun
downtown;Innenstadt;English;1;0;A2;Noun
textbook;Lehrbuch;English;1;0;A2;Noun
triumph;siegen;English;1;0;B1;Verb
to dry;trocknen;English;1;0;B2;Verb
lead;Vorsprung;English;1;0;A2;Noun
to confess;bekennen;English;1;0;B2;Verb
elegant;elegant;English;1;0;B2;Adjective
liability;Haftung;English;1;0;B2;Noun
suspected;mutmaßlich;English;1;0;B2;Adjective
comparatively;vergleichsweise;English;1;0;B2;Adverb
increased;vermehrt;English;1;0;B2;Adjective
to regret;bedauern;English;1;0;B2;Verb
to go through;durchgehen;English;1;0;B2;Verb
to dictate;vorschreiben;English;1;0;B2;Verb
to dare to do sth;zutrauen;English;1;0;B2;Verb
offside;abseits;English;1;0;B2;Adverb
asymmetric;asymmetrisch;English;1;0;B2;Adjective
modest;bescheiden;English;1;0;B2;Adjective
to slip (sb’s mind);entfallen;English;1;0;B2;Verb
FIFA;FIFA;English;1;0;B2;Noun
inhibition;Hemmung;English;1;0;B2;Noun
bedroom;Schlafzimmer;English;1;0;A1;Noun
tragedy;Tragödie;English;1;0;B1;Noun
wound;Wunde;English;1;0;B1;Noun
eighteen;achtzehn;English;1;0;A1;Number
chaos;Chaos;English;1;0;B1;Noun
crown;Krone;English;1;0;A2;Noun
to rub;reiben;English;1;0;B2;Verb
reporter;Reporter;English;1;0;A1;Noun
sip;Schluck;English;1;0;B2;Noun
to write down;aufschreiben;English;1;0;B2;Verb
attribute;Attribut;English;1;0;B2;Noun
to tear open;aufreißen;English;1;0;B2;Verb
diagnosis;Diagnose;English;1;0;B2;Noun
to join;hinzukommen;English;1;0;B2;Verb
in principle;prinzipiell;English;1;0;B2;Adjective
documents;Unterlagen (pl);English;1;0;B2;Noun
pad;Unterlage;English;1;0;B2;Noun
to neglect;vernachlässigen;English;1;0;B2;Verb
to heat (up);erhitzen;English;1;0;B2;Verb
replacement;Ersatz;English;1;0;B2;Noun
European Commission;EU-Kommission;English;1;0;B2;Noun
Hessian;hessisch;English;1;0;B2;Adjective
passive;passiv;English;1;0;B1;Adjective
smoke;Rauch;English;1;0;A1;Noun
to stink;stinken;English;1;0;B2;Verb
bye;tschüss;English;1;0;A1;Interjection
predecessor;Vorgänger;English;1;0;B2;Noun
to stare at;anstarren;English;1;0;B2;Verb
foreign language;Fremdsprache;English;1;0;B2;Noun
luggage;Gepäck;English;1;0;B1;Noun
unhappy;unglücklich;English;1;0;A2;Adjective
to blow;wehen;English;1;0;B2;Verb
to try out;ausprobieren;English;1;0;B2;Verb
hope for;erhoffen;English;1;0;B2;Verb
feather;Feder;English;1;0;A2;Noun
fire brigade;Feuerwehr;English;1;0;B2;Noun
to fixate on sb/sth;fixieren;English;1;0;B2;Verb
painting;Gemälde;English;1;0;A1;Noun
to consult;heranziehen;English;1;0;B2;Verb
image;Image;English;1;0;A2;Noun
cook;Koch;English;1;0;A1;Noun
holder;Träger;English;1;0;B2;Noun
intensify;verschärfen;English;1;0;B2;Verb
baron;Baron;English;1;0;B2;Noun
thorough;gründlich;English;1;0;B1;Adjective
Saxony-Anhalt;Sachsen-Anhalt;English;1;0;B2;Noun
to look (around);umsehen;English;1;0;B2;Verb
via;via;English;1;0;B1;Preposition
the Netherlands;Niederlande;English;1;0;B2;Noun
to vary;schwanken;English;1;0;B2;Verb
push;Stoß;English;1;0;A1;Noun
nonsense;Unsinn;English;1;0;B1;Noun
dynamics;Dynamik;English;1;0;B2;Noun
nowhere;nirgendwo;English;1;0;B1;Adverb
to embrace;umarmen;English;1;0;B2;Verb
code;Code;English;1;0;A1;Noun
to communicate;kommunizieren;English;1;0;B2;Verb
cancer;Krebs;English;1;0;B1;Noun
fridge;Kühlschrank;English;1;0;A2;Noun
ridiculous;lächerlich;English;1;0;B1;Adjective
airline;Airline;English;1;0;B1;Noun
act;Akt;English;1;0;A2;Noun
extraordinary;außerordentlich;English;1;0;B1;Adjective
minimal;minimal;English;1;0;B2;Adjective
Republican;Republikaner;English;1;0;B2;Noun
rhythm;Rhythmus;English;1;0;A2;Noun
unexpected;unerwartet;English;1;0;B1;Adjective
signature;Unterschrift;English;1;0;B1;Noun
accumulate;anfallen;English;1;0;B2;Verb
breakdown;Ausfall;English;1;0;B2;Noun
to apply for;beantragen;English;1;0;B2;Verb
officer;Offizier;English;1;0;A1;Noun
protagonist;Protagonist;English;1;0;B2;Noun
to torment;quälen;English;1;0;B2;Verb
to be too much;überfordern;English;1;0;B2;Verb
to document;dokumentieren;English;1;0;B2;Verb
outline;Gliederung;English;1;0;B1;Noun
potato;Kartoffel;English;1;0;A1;Noun
sneak;schleichen;English;1;0;B2;Verb
to punish;bestrafen;English;1;0;B2;Verb
cemetery;Friedhof;English;1;0;B2;Noun
producer;Produzent;English;1;0;B1;Noun
transparency;Transparenz;English;1;0;B2;Noun
asylum seeker;Asylbewerber;English;1;0;B2;Noun
factory;Fabrik;English;1;0;A1;Noun
courageous;mutig;English;1;0;B1;Adjective
pride;Stolz;English;1;0;A2;Noun
sympathetic;sympathisch;English;1;0;B2;Adjective
transformation;Transformation;English;1;0;B1;Noun
uniform;Uniform;English;1;0;A2;Noun
file;Akte;English;1;0;A1;Noun
to characterize;charakterisieren;English;1;0;B2;Verb
to photograph;fotografieren;English;1;0;B2;Verb
notebook;Heft;English;1;0;A1;Noun
helpful;hilfreich;English;1;0;A2;Adjective
to combine;kombinieren;English;1;0;B2;Verb
royal;königlich;English;1;0;A2;Adjective
magnetic field;Magnetfeld;English;1;0;B2;Noun
fashion;Mode;English;1;0;A2;Noun
headline;Schlagzeile;English;1;0;B1;Noun
dirty;schmutzig;English;1;0;A1;Adjective
overdraw;überziehen;English;1;0;B2;Verb
for the most part;zumeist;English;1;0;B2;Adverb
cozy;gemütlich;English;1;0;B2;Adjective
Spaniard;Spanier;English;1;0;B2;Noun
to stretch (out);ausstrecken;English;1;0;B2;Verb
pale;blass;English;1;0;B1;Adjective
mitochondrion;Mitochondrium;English;1;0;B2;Noun
neuron;Neuron;English;1;0;B2;Noun
resignation;Rücktritt;English;1;0;B2;Noun
estimate;Schätzung;English;1;0;B1;Noun
entropy;Entropie;English;1;0;B2;Noun
joint;Gelenk;English;1;0;B1;Noun
market share;Marktanteil;English;1;0;B2;Noun
to regulate;regulieren;English;1;0;B2;Verb
thermodynamics;Thermodynamik;English;1;0;B2;Noun
truck;LKW (Lastkraftwagen);English;1;0;A1;Noun
romantic;romantisch;English;1;0;A2;Adjective
substrate;Substrat;English;1;0;B2;Noun
to obtain;erlangen;English;1;0;B2;Verb
to display;ausstellen;English;1;0;B2;Verb
pool;Becken;English;1;0;A1;Noun
to cross;kreuzen;English;1;0;B2;Verb
tender;zart;English;1;0;B2;Adjective
Englishman;Engländer;English;1;0;B1;Noun
coin;Münze;English;1;0;A2;Noun
news agency;Nachrichtenagentur;English;1;0;B2;Noun
to the side;seitlich;English;1;0;B2;Adjective
dinner;Abendessen;English;1;0;A1;Noun
observer;Beobachter;English;1;0;B2;Noun
diameter;Durchmesser;English;1;0;B1;Noun
opera;Oper;English;1;0;A1;Noun
symbolic;symbolisch;English;1;0;B2;Adjective
T-shirt;T-Shirt;English;1;0;A1;Noun
destruction;Zerstörung;English;1;0;B1;Noun
candle;Kerze;English;1;0;B1;Noun
conference;Konferenz;English;1;0;B2;Noun
rural;ländlich;English;1;0;B2;Adjective
injustice;Unrecht;English;1;0;B2;Noun
insurance;Versicherung;English;1;0;B1;Noun
sausage;Wurst;English;1;0;A2;Noun
sophisticated;anspruchsvoll;English;1;0;B2;Adjective
concern;Bedenken;English;1;0;A2;Noun
cent;Cent;English;1;0;A2;Noun
to murder;ermorden;English;1;0;B2;Verb
geometric;geometrisch;English;1;0;B2;Adjective
siblings;Geschwister (pl);English;1;0;B2;Noun
to dress;kleiden;English;1;0;B2;Verb
to protrude;ragen;English;1;0;B2;Verb
dust;Staub;English;1;0;A2;Noun
improbable;unwahrscheinlich;English;1;0;B2;Adjective
ouch;au;English;1;0;B2;Interjection
to take up;aufgreifen;English;1;0;B2;Verb
to hire (a firm);beauftragen;English;1;0;B2;Verb
to penetrate;eindringen;English;1;0;B2;Verb
fulfillment;Erfüllung;English;1;0;B2;Noun
crystal;Kristall;English;1;0;B2;Noun
partial;partiell;English;1;0;B1;Adjective
bowl;Schale;English;1;0;A1;Noun
to crap;scheißen;English;1;0;B2;Verb
referee;Schiedsrichter;English;1;0;B1;Noun
dance;Tanz;English;1;0;A1;Noun
to type;tippen;English;1;0;B2;Verb
universe;Universum;English;1;0;B1;Noun
to network;vernetzen;English;1;0;B2;Verb
fourteen;vierzehn;English;1;0;A1;Number
rejection;Ablehnung;English;1;0;B2;Noun
defense;Abwehr;English;1;0;B1;Noun
ass;Arsch;English;1;0;B2;Noun
to know one’s way around;auskennen;English;1;0;B2;Verb
globalization;Globalisierung;English;1;0;B2;Noun
town hall;Rathaus;English;1;0;B2;Noun
gay;schwul;English;1;0;B1;Adjective
to distract;ablenken;English;1;0;B2;Verb
thumb;Daumen;English;1;0;B1;Noun
one-sided;einseitig;English;1;0;B2;Adjective
North Rhine-Westphalia;Nordrhein-Westfalen;English;1;0;B2;Noun
in favor of;zugunsten;English;1;0;B2;Preposition
to prove (oneself);bewähren (sich);English;1;0;B2;Verb
nationwide;bundesweit;English;1;0;B2;Adjective
to follow through;durchziehen;English;1;0;B2;Verb
to recover;erholen (sich);English;1;0;B2;Verb
carbon;Kohlenstoff;English;1;0;B2;Noun
ratio;Quote;English;1;0;B2;Noun
submission;Vorlage;English;1;0;B2;Noun
aromatic;aromatisch;English;1;0;B2;Adjective
threshold;Grenzwert;English;1;0;B2;Noun
metropolis;Großstadt;English;1;0;B2;Noun
to emphasize;hervorheben;English;1;0;B2;Verb
midnight;Mitternacht;English;1;0;A2;Noun
thermal;thermisch;English;1;0;B2;Adjective
related;verwandt;English;1;0;B2;Adjective
acceleration;Beschleunigung;English;1;0;B2;Noun
Federal President;Bundespräsident;English;1;0;B2;Noun
invention;Erfindung;English;1;0;A2;Noun
fly;Fliege;English;1;0;A1;Noun
immune system;Immunsystem;English;1;0;B2;Noun
to burst;platzen;English;1;0;B2;Verb
press conference;Pressekonferenz;English;1;0;B2;Noun
armchair;Sessel;English;1;0;A2;Noun
beam;Strahl;English;1;0;B2;Noun
presence;Anwesenheit;English;1;0;B1;Noun
financial policy;Geldpolitik;English;1;0;C1;Noun
engineer;Ingenieur;English;1;0;A1;Noun
manuscript;Manuskript;English;1;0;C1;Noun
supplementary performance;Nacherfüllung;English;1;0;C1;Noun
committee;Ausschuss;English;1;0;A2;Noun
member state;Mitgliedstaat;English;1;0;C1;Noun
split;Spaltung;English;1;0;A2;Noun
antibiotic;Antibiotikum;English;1;0;C1;Noun
to instruct;anweisen;English;1;0;C1;Verb
construction site;Baustelle;English;1;0;C1;Noun
index;Index;English;1;0;B2;Noun
crate;Kasten;English;1;0;C1;Noun
Cologne;Kölner;English;1;0;C1;Adjective
Parisian;Pariser;English;1;0;C1;Noun
to rant;schimpfen;English;1;0;C1;Verb
to take away;wegnehmen;English;1;0;C1;Verb
what about;worum;English;1;0;C1;Pronoun
balcony;Balkon;English;1;0;A2;Noun
cash;bar;English;1;0;A2;Adjective
duel;Duell;English;1;0;B2;Noun
to delight;erfreuen;English;1;0;C1;Verb
rifle;Gewehr;English;1;0;C1;Noun
Mediterranean Sea;Mittelmeer;English;1;0;C1;Noun
cloth;Tuch;English;1;0;A1;Noun
to simplify;vereinfachen;English;1;0;C1;Verb
change (esp. the 1989–90 political change in the GDR);Wende;English;1;0;C1;Noun
agency;Agentur;English;1;0;A2;Noun
fleeting;flüchtig;English;1;0;C1;Adjective
geography;Geographie;English;1;0;B1;Noun
living being;Lebewesen;English;1;0;C1;Noun
ocean;Ozean;English;1;0;B1;Noun
Pakistan;Pakistan;English;1;0;C1;Noun
Rhineland-Palatinate;Rheinland-Pfalz;English;1;0;C1;Noun
in vain;umsonst;English;1;0;C1;Adverb
suspicious;verdächtig;English;1;0;B2;Adjective
reliable;zuverlässig;English;1;0;B1;Adjective
to attach;anbringen;English;1;0;C1;Verb
to escape;entgehen;English;1;0;C1;Verb
continuation;Fortsetzung;English;1;0;C1;Noun
nothing but;lauter;English;1;0;C1;Adverb
tunnel;Tunnel;English;1;0;B2;Noun
assistant;Assistent;English;1;0;A2;Noun
differentiation;Differenzierung;English;1;0;C1;Noun
drastic;drastisch;English;1;0;C1;Adjective
Mexico;Mexiko;English;1;0;C1;Noun
modernism;Moderne;English;1;0;C1;Noun
molecular;molekular;English;1;0;C1;Adjective
neighborhood;Nachbarschaft;English;1;0;B1;Noun
boiling point;Siedepunkt;English;1;0;C1;Noun
inpatient;stationär;English;1;0;C1;Adjective
Taliban;Taliban (pl);English;1;0;C1;Noun
brutal;brutal;English;1;0;C1;Adjective
editorial staff;Redaktion;English;1;0;C1;Noun
sweat;Schweiß;English;1;0;A2;Noun
saying;Spruch;English;1;0;C1;Noun
only one;Einzige;English;1;0;C1;Noun
ovum;Eizelle;English;1;0;C1;Noun
fit;fit;English;1;0;A2;Adjective
refugee policy;Flüchtlingspolitik;English;1;0;C1;Noun
pile;Haufen;English;1;0;A2;Noun
infection;Infektion;English;1;0;B1;Noun
cookie;Keks;English;1;0;A1;Noun
to one another;zueinander;English;1;0;C1;Adverb
container;Container;English;1;0;A2;Noun
live;live;English;1;0;A1;Adjective
mutation;Mutation;English;1;0;C1;Noun
socialist;sozialistisch;English;1;0;C1;Adjective
to burst open;aufspringen;English;1;0;C1;Verb
cheese;Käse;English;1;0;A1;Noun
to protest;protestieren;English;1;0;C1;Verb
to be ashamed;schämen (sich);English;1;0;C1;Verb
Alps;Alpen (pl);English;1;0;C1;Noun
classification;Einteilung;English;1;0;B2;Noun
admission;Eintritt;English;1;0;B1;Noun
lover;Geliebte;English;1;0;A2;Noun
gram;Gramm;English;1;0;A2;Noun
hip;Hüfte;English;1;0;B1;Noun
the other day;neulich;English;1;0;C1;Adverb
proper;regelrecht;English;1;0;A2;Adjective
to anchor;verankern;English;1;0;C1;Verb
to satisfy;befriedigen;English;1;0;C1;Verb
founder;Gründer;English;1;0;C1;Noun
orchestra;Orchester;English;1;0;B1;Noun
Turk;Türke;English;1;0;C1;Noun
Ukrainian;ukrainisch;English;1;0;C1;Adjective
to twist;verziehen;English;1;0;C1;Verb
migration;Migration;English;1;0;B2;Noun
robot;Roboter;English;1;0;B1;Noun
blossom;Blüte;English;1;0;B2;Noun
electromagnetic;elektromagnetisch;English;1;0;C1;Adjective
in the midst of;inmitten;English;1;0;C1;Adverb
bell;Glocke;English;1;0;A1;Noun
computer science;Informatik;English;1;0;C1;Noun
precipitation;Niederschlag;English;1;0;C1;Noun
to brush;streifen;English;1;0;C1;Verb
pot;Topf;English;1;0;B1;Noun
disappointment;Enttäuschung;English;1;0;B1;Noun
prominent;prominent;English;1;0;B1;Adjective
Soviet Union;Sowjetunion;English;1;0;C1;Noun
African;afrikanisch;English;1;0;C1;Adjective
permit;Genehmigung;English;1;0;B1;Noun
lamp;Lampe;English;1;0;A2;Noun
philosophical;philosophisch;English;1;0;B2;Adjective
communicate;verständigen (sich);English;1;0;A2;Verb
declaration of intent;Willenserklärung;English;1;0;C1;Noun
to doubt;zweifeln;English;1;0;C1;Verb
to straighten up;aufrichten (sich);English;1;0;C1;Verb
to leak;auslaufen;English;1;0;C1;Verb
to be in agreement;einverstanden;English;1;0;C1;Adjective
fairy tale;Märchen;English;1;0;C1;Noun
regime;Regime;English;1;0;B2;Noun
skull;Schädel;English;1;0;C1;Noun
to specialize;spezialisieren;English;1;0;C1;Verb
lion;Löwe;English;1;0;A1;Noun
operator;Operator;English;1;0;B2;Noun
partnership;Partnerschaft;English;1;0;B2;Noun
pound;Pfund;English;1;0;B1;Noun
to fall apart;zerfallen;English;1;0;C1;Verb
(come/bring) about;zustande;English;1;0;C1;Adverb
to oppose;entgegensetzen;English;1;0;C1;Verb
power plant;Kraftwerk;English;1;0;C1;Noun
nervous systems;Nervensystem;English;1;0;C1;Noun
skeptical;skeptisch;English;1;0;C1;Adjective
to monitor;überwachen;English;1;0;C1;Verb
UN;UNO (Vereinte Nationen);English;1;0;C1;Noun
somewhere else;woanders;English;1;0;C1;Adverb
to light;anzünden;English;1;0;C1;Verb
skilled;geschickt;English;1;0;B2;Adjective
medieval;mittelalterlich;English;1;0;B2;Adjective
recipe;Rezept;English;1;0;B2;Noun
sack;Sack;English;1;0;B2;Noun
Thuringia;Thüringen;English;1;0;C1;Noun
inorganic;anorganisch;English;1;0;C1;Adjective
to be pending;ausstehen;English;1;0;C1;Verb
federal office;Bundesamt;English;1;0;C1;Noun
thread;Faden;English;1;0;B2;Noun
hundred thousand;hunderttausend;English;1;0;C1;Number
thigh;Oberschenkel;English;1;0;B2;Noun
battle;Schlacht;English;1;0;B1;Noun
meaningless;sinnlos;English;1;0;C1;Adjective
to strive;streben;English;1;0;C1;Verb
algorithm;Algorithmus;English;1;0;C1;Noun
to illuminate;beleuchten;English;1;0;C1;Verb
to print;drucken;English;1;0;C1;Verb
within reach;erreichbar;English;1;0;C1;Adjective
to complicate;erschweren;English;1;0;C1;Verb
flag;Fahne;English;1;0;A1;Noun
panic;Panik;English;1;0;A2;Noun
rotation;Rotation;English;1;0;C1;Noun
to underestimate;unterschätzen;English;1;0;C1;Verb
intestine;Darm;English;1;0;C1;Noun
to conquer;erobern;English;1;0;C1;Verb
facade;Fassade;English;1;0;C1;Noun
favorite;Favorit;English;1;0;A1;Noun
poster;Plakat;English;1;0;A1;Noun
terrace;Terrasse;English;1;0;B2;Noun
to research;forschen;English;1;0;C1;Verb
legendary;legendär;English;1;0;B2;Adjective
reading;Lektüre;English;1;0;A1;Noun
motor;motorisch;English;1;0;B1;Adjective
trick;Trick;English;1;0;A2;Noun
drop;Tropfen;English;1;0;A1;Noun
to abolish;abschaffen;English;1;0;C1;Verb
to admire;bewundern;English;1;0;C1;Verb
angel;Engel;English;1;0;A2;Noun
to evoke;hervorrufen;English;1;0;C1;Verb
Ireland;Irland;English;1;0;C1;Noun
mechanics;Mechanik;English;1;0;C1;Noun
psychologist;Psychologe;English;1;0;A2;Noun
to stage;inszenieren;English;1;0;C1;Verb
to clap;klatschen;English;1;0;C1;Verb
listener;Zuhörer;English;1;0;B2;Noun
to accommodate;entgegenkommen;English;1;0;C1;Verb
haste;Hast;English;1;0;B2;Noun
up;hinauf;English;1;0;A1;Adverb
mild;mild;English;1;0;B1;Adjective
minority;Minderheit;English;1;0;B1;Noun
prevention;Prävention;English;1;0;B2;Noun
to shrink;schrumpfen;English;1;0;C1;Verb
to extend;erstrecken (sich);English;1;0;C1;Verb
comrade;Genosse;English;1;0;C1;Noun
uh;öh;English;1;0;C1;Interjection
Thuringian;Thüringer;English;1;0;C1;Adjective
arrow;Pfeil;English;1;0;B1;Noun
debtor;Schuldner;English;1;0;C1;Noun
desperation;Verzweiflung;English;1;0;B2;Noun
previous;vorig;English;1;0;B1;Adjective
Belgian;belgisch;English;1;0;C1;Adjective
format;Format;English;1;0;B1;Noun
alley;Gasse;English;1;0;C1;Noun
shiny;glänzend;English;1;0;B1;Adjective
ÖVP;ÖVP (Österreichische Volkspartei);English;1;0;C1;Noun
priority;Priorität;English;1;0;B2;Noun
sting;Stich;English;1;0;C1;Noun
variation;Variation;English;1;0;B2;Noun
stranger;Fremde;English;1;0;A2;Noun
to be liable;haften;English;1;0;C1;Verb
horizontal;horizontal;English;1;0;C1;Adjective
to err;irren (sich);English;1;0;C1;Verb
criminal;kriminell;English;1;0;B1;Adjective
to decay;verfallen;English;1;0;C1;Verb
to settle;ansiedeln;English;1;0;C1;Verb
applicant;Bewerber;English;1;0;B2;Noun
width;Breite;English;1;0;B2;Noun
epoch;Epoche;English;1;0;C1;Noun
explosion;Explosion;English;1;0;B1;Noun
idiot;Idiot;English;1;0;B2;Noun
backdrop;Kulisse;English;1;0;C1;Noun
plausible;nachvollziehbar;English;1;0;C1;Adjective
noticeable;spürbar;English;1;0;B1;Adjective
Bible;Bibel;English;1;0;C1;Noun
common feature;Gemeinsamkeit;English;1;0;C1;Noun
mixture;Gemisch;English;1;0;B2;Noun
dirt;Dreck;English;1;0;B1;Noun
to hurry;eilen;English;1;0;C1;Verb
to comply;fügen (sich);English;1;0;C1;Verb
this year;heuer;English;1;0;C1;Adverb
hell;Hölle;English;1;0;B2;Noun
reflection;Reflexion;English;1;0;B1;Noun
inconspicuous;unauffällig;English;1;0;C1;Adjective
dwarf;Zwerg;English;1;0;B2;Noun
incentive;Anreiz;English;1;0;B2;Noun
alignment;Ausrichtung;English;1;0;C1;Noun
to evaluate;auswerten;English;1;0;C1;Verb
spare;ersparen;English;1;0;B2;Verb
homogeneous;homogen;English;1;0;C1;Adjective
diabetes;Diabetes;English;1;0;C1;Noun
photography;Fotografie;English;1;0;A2;Noun
gallery;Galerie;English;1;0;A2;Noun
detention;Haft;English;1;0;C1;Noun
market economy;Marktwirtschaft;English;1;0;C1;Noun
mask;Maske;English;1;0;B2;Noun
mmh;mmh;English;1;0;C1;Interjection
unbearable;unerträglich;English;1;0;B2;Adjective
to tear to pieces;zerreißen;English;1;0;C1;Verb
inevitable;zwangsläufig;English;1;0;B1;Adjective
to get drunk;betrinken (sich);English;1;0;C1;Verb
piano;Klavier;English;1;0;A1;Noun
municipal;kommunal;English;1;0;C1;Adjective
championship;Meisterschaft;English;1;0;A2;Noun
new building;Neubau;English;1;0;C1;Noun
to damage;schädigen;English;1;0;C1;Verb
emphasize;unterstreichen;English;1;0;B1;Verb
gang;Bande;English;1;0;B2;Noun
handicapped;behindert;English;1;0;A2;Adjective
cast;Besetzung;English;1;0;B2;Noun
bundle;Bündel;English;1;0;C1;Noun
to dampen;dämpfen;English;1;0;C1;Verb
FPÖ;FPÖ (Freiheitliche Partei Österreichs);English;1;0;C1;Noun
poison;Gift;English;1;0;B1;Noun
button;Knopf;English;1;0;A1;Noun
year (of one’s life);Lebensjahr;English;1;0;C1;Noun
profile;Profil;English;1;0;B2;Noun
settlement;Siedlung;English;1;0;B1;Noun
unconscious;unbewusst;English;1;0;B2;Adjective
violation;Verstoß;English;1;0;C1;Noun
to appreciate;würdigen;English;1;0;C1;Verb
waste;Abfall;English;1;0;B1;Noun
democrat;Demokrat;English;1;0;C1;Noun
catalyst;Katalysator;English;1;0;B2;Noun
senate;Senat;English;1;0;C1;Noun
state security service;Stasi (Staatssicherheitsdienst);English;1;0;C1;Noun
to pet;streicheln;English;1;0;C1;Verb
superior;überlegen;English;1;0;B1;Adjective
to fill out;ausfüllen;English;1;0;C1;Verb
care;Betreuung;English;1;0;A1;Noun
cake;Kuchen;English;1;0;A1;Noun
offspring;Nachwuchs;English;1;0;C1;Noun
to plead;plädieren;English;1;0;C1;Verb
to comfort;trösten;English;1;0;C1;Verb
inequality;Ungleichheit;English;1;0;C1;Noun
defender;Verteidiger;English;1;0;B1;Noun
stop;Halt;English;1;0;A1;Noun
craft;Handwerk;English;1;0;B1;Noun
humanitarian;humanitär;English;1;0;C1;Adjective
interval;Intervall;English;1;0;B1;Noun
naive;naiv;English;1;0;C1;Adjective
pensioner;Rentner;English;1;0;C1;Noun
noun;Substantiv;English;1;0;A2;Noun
algebra;Algebra;English;1;0;C1;Noun
entirely;gänzlich;English;1;0;B1;Adjective
(type of) sport;Sportart;English;1;0;C1;Noun
Tyrol;Tirol;English;1;0;C1;Noun
Asian;asiatisch;English;1;0;C1;Adjective
biography;Biografie;English;1;0;B1;Noun
bloody;blutig;English;1;0;B2;Adjective
acquisition;Erwerb;English;1;0;B2;Noun
obstacle;Hindernis;English;1;0;B1;Noun
to what extent;inwieweit;English;1;0;C1;Adverb
Roman;römisch;English;1;0;C1;Adjective
reunification;Wiedervereinigung;English;1;0;B1;Noun
departure;Abfahrt;English;1;0;B1;Noun
elastic;elastisch;English;1;0;C1;Adjective
publisher;Herausgeber;English;1;0;B1;Noun
chin;Kinn;English;1;0;A2;Noun
natural science;Naturwissenschaft;English;1;0;C1;Noun
verbal;verbal;English;1;0;B2;Adjective
test subject;Versuchsperson;English;1;0;C1;Noun
hike;Wanderung;English;1;0;A2;Noun
index finger;Zeigefinger;English;1;0;C1;Noun
occasionally;zwischendurch;English;1;0;B1;Adverb
individual case;Einzelfall;English;1;0;C1;Noun
hunter;Jäger;English;1;0;A2;Noun
communicative;kommunikativ;English;1;0;B2;Adjective
latter;letztere;English;1;0;A2;Adjective
side by side;nebeneinander;English;1;0;C1;Adverb
contemporary;zeitgenössisch;English;1;0;B2;Adjective
essay;Aufsatz;English;1;0;A2;Noun
Brandenburg;Brandenburg;English;1;0;C1;Noun
diagram;Diagramm;English;1;0;B1;Noun
relief;Erleichterung;English;1;0;B2;Noun
historian;Historiker;English;1;0;B1;Noun
innovative;innovativ;English;1;0;B2;Adjective
collective;kollektiv;English;1;0;C1;Adjective
sober;nüchtern;English;1;0;C1;Adjective
prejudice;Vorurteil;English;1;0;B1;Noun
warning;Warnung;English;1;0;B1;Noun
certificate;Zeugnis;English;1;0;B2;Noun
to turn on;anmachen;English;1;0;C1;Verb
app;App;English;1;0;C1;Noun
to input;eingeben;English;1;0;C1;Verb
evolution;Evolution;English;1;0;B2;Noun
gigantic;gigantisch;English;1;0;C1;Adjective
nerve cell;Nervenzelle;English;1;0;C1;Noun
unnecessary;überflüssig;English;1;0;A2;Adjective
to depart;losfahren;English;1;0;C1;Verb
pistol;Pistole;English;1;0;C1;Noun
to switch;schalten;English;1;0;C1;Verb
